node_id,lat,lon,floor,in_out,link1_id,link2_id,link3_id,link4_id
00001B000000000309C75B2658B77FC2,35.6032848,139.6155277,0.0,"1",00001B000000000309C75B2658B87FC3,00001B000000000309C75BA658B77FC2,00001B000000000309C75B2658B87FC4,
00001B000000000309C7342658507FC2,35.6011850,139.6097828,0.0,"1",00001B000000000309C73426584F7FC4,00001B000000000309C73426584FFFC2,00001B000000000309C72F265854FFC2,
00001B000000000309C6C12658987FC2,35.5947453,139.6137944,0.0,"1",00001B000000000309C6C1A658997FC2,00001B000000000309C6C6A658957FC2,00001B000000000309C6BF2658997FC2,
00001B000000000309C6C1A65899FFC2,35.5947628,139.6138803,0.0,"1",00001B000000000309C6C1A658997FC2,00001B000000000309C6BF26589B7FC2,00001B000000000309C6C52658987FC2,
00001B000000000309C6DFA65888FFC2,35.5964207,139.6129444,0.0,"1",00001B000000000309C6DFA6588A7FC2,00001B000000000309C6E12658887FC2,00001B000000000309C6DF265888FFC2,
00001B000000000309C6DFA6588B7FC2,35.5964395,139.6130589,0.0,"1",00001B000000000309C6DFA6588A7FC2,00001B000000000309C6E0A6588B7FC2,00001B000000000309C6DF26588B7FC2,
00001B000000000309C6E2A658877FC2,35.5965996,139.6128478,0.0,"1",00001B000000000309C6E2A658887FC2,00001B000000000309C6E2A65886FFC2,00001B000000000309C6E12658887FC2,
00001B000000000309C6E2A658897FC2,35.5966046,139.6129704,0.0,"1",00001B000000000309C6E2A658887FC2,00001B000000000309C6E2A6588A7FC2,00001B000000000309C6E5A658887FC2,
00001B000000000309C710A658E07FC2,35.5991563,139.6179915,0.0,"1",00001B000000000309C711A658DB7FC2,,,
00001B000000000309C713A658D67FC3,35.5993090,139.6172620,0.0,"1",00001B000000000309C7132658D67FC2,00001B000000000309C713A658D67FC4,,
00001B000000000309C713A658D17FC2,35.5993090,139.6172029,0.0,"1",00001B000000000309C713A658D67FC4,00001B000000000309C7132658D17FC4,,
00001B000000000309C7132658D17FC3,35.5992915,139.6169776,0.0,"1",00001B000000000309C712A658D17FC4,00001B000000000309C7132658CC7FC4,,
00001B000000000309C7132658CC7FC3,35.5993046,139.6169079,0.0,"1",00001B000000000309C7132658CC7FC4,00001B000000000309C7142658CBFFC2,,
00001B000000000309C714A658C77FC2,35.5993657,139.6164090,0.0,"1",00001B000000000309C7142658CBFFC2,00001B000000000309C7162658BC7FC2,,
00001B000000000309C717A658B17FC2,35.5995315,139.6151711,0.0,"1",00001B000000000309C7162658BC7FC2,00001B000000000309C717A658AE7FC2,00001B000000000309C7182658B17FC2,
00001B000000000309C705A65893FFC2,35.5985544,139.6135390,0.0,"1",00001B000000000309C7052658937FC2,00001B000000000309C709A65893FFC2,00001B000000000309C705265894FFC2,
00001B000000000309C704A65892FFC2,35.5984846,139.6134908,0.0,"1",00001B000000000309C7052658937FC2,00001B000000000309C704265892FFC2,,
00001B000000000309C703A65892FFC2,35.5984279,139.6134854,0.0,"1",00001B000000000309C704265892FFC2,00001B000000000309C7032658937FC2,00001B000000000309C703A6588FFFC2,
00001B000000000309C76326588B7FC2,35.6037405,139.6130616,0.0,"1",00001B000000000309C761A6588CFFC2,00001B000000000309C764265889FFC2,,
00001B000000000309C766265888FFC2,35.6039106,139.6129382,0.0,"1",00001B000000000309C766A65889FFC2,00001B000000000309C765A65888FFC2,,
00001B000000000309C7342658767FC3,35.6012039,139.6119146,0.0,"1",00001B000000000309C734265875FFC4,00001B000000000309C734265876FFC4,00001B000000000309C7342658767FC4,
00001B000000000309C734265874FFC3,35.6011976,139.6118332,0.0,"1",00001B000000000309C734265875FFC4,00001B000000000309C734265874FFC4,,
00001B000000000309C7342658747FC2,35.6011322,139.6118010,0.0,"1",00001B000000000309C734265874FFC4,00001B000000000309C72F2658747FC5,,
00001B000000000309C72F2658747FC4,35.6010886,139.6117956,0.0,"1",00001B000000000309C72F2658747FC5,00001B000000000309C72F265872FFC2,,
00001B000000000309C72A2658717FC3,35.6006786,139.6116240,0.0,"1",00001B000000000309C72F265872FFC2,00001B000000000309C72A2658717FC4,,
00001B000000000309C72A265870FFC3,35.6006263,139.6116079,0.0,"1",00001B000000000309C72A265870FFC4,00001B000000000309C72A2658717FC4,,
00001B000000000309C72526586F7FC2,35.6003515,139.6115113,0.0,"1",00001B000000000309C72526586FFFC2,00001B000000000309C72026586E7FC2,,
00001B000000000309C72026586D7FC2,35.6000810,139.6114094,0.0,"1",00001B000000000309C72026586E7FC2,00001B000000000309C72026586DFFC4,00001B000000000309C72026586C7FC2,
00001B000000000309C70526587CFFC2,35.5985022,139.6122631,0.0,"1",00001B000000000309C70AA65877FFC2,00001B000000000309C70526587D7FC2,00001B000000000309C70426587D7FC2,
00001B000000000309C705265880FFC2,35.5985180,139.6124806,0.0,"1",00001B000000000309C7082658807FC2,00001B000000000309C704A658817FC2,00001B000000000309C70526587F7FC2,
00001B000000000309C70AA658807FC2,35.5988292,139.6124501,0.0,"1",00001B000000000309C7082658807FC2,00001B000000000309C70BA658807FC2,,
00001B000000000309C70C26587FFFC2,35.5989164,139.6124393,0.0,"1",00001B000000000309C70BA658807FC2,00001B000000000309C70DA6587FFFC2,,
00001B000000000309C70EA6587F7FC2,35.5990298,139.6124018,0.0,"1",00001B000000000309C70DA6587FFFC2,00001B000000000309C71026587E7FC2,,
00001B000000000309C711A6587D7FC2,35.5992043,139.6122891,0.0,"1",00001B000000000309C71026587E7FC2,00001B000000000309C71226587CFFC2,,
00001B000000000309C71326587CFFC2,35.5992828,139.6122570,0.0,"1",00001B000000000309C71226587CFFC2,00001B000000000309C71426587D7FC2,,
00001B000000000309C715A6587DFFC2,35.5994390,139.6123291,0.0,"1",00001B000000000309C71426587D7FC2,00001B000000000309C716265887FFC2,00001B000000000309C716A6587D7FC2,
00001B000000000309C7192658767FC2,35.5996346,139.6119125,0.0,"1",00001B000000000309C718A658777FC2,00001B000000000309C71BA658737FC2,00001B000000000309C718A658757FC2,
00001B000000000309C717A65873FFC2,35.5995343,139.6117569,0.0,"1",00001B000000000309C717265872FFC2,00001B000000000309C718A658757FC2,,
00001B000000000309C716A658727FC2,35.5994732,139.6116764,0.0,"1",00001B000000000309C719A6586E7FC2,00001B000000000309C717265872FFC2,,
00001B000000000309C71CA65869FFC2,35.5998218,139.6112190,0.0,"1",00001B000000000309C719A6586E7FC2,00001B000000000309C71C2658697FC2,00001B000000000309C71D2658697FC2,
00001B000000000309C71EA6586EFFC2,35.5999265,139.6114872,0.0,"1",00001B000000000309C71E26586F7FC2,00001B000000000309C71FA6586E7FC2,00001B000000000309C71E26586DFFC2,
00001B000000000309C71E2658707FC2,35.5999050,139.6115638,0.0,"1",00001B000000000309C71E26586F7FC2,00001B000000000309C71BA658737FC2,,
00001B000000000309C718265877FFC2,35.5995779,139.6119822,0.0,"1",00001B000000000309C7182658787FC2,00001B000000000309C718A658777FC2,,
00001B000000000309C7182658797FC2,35.5995823,139.6120573,0.0,"1",00001B000000000309C719A6587B7FC2,00001B000000000309C7182658787FC2,,
00001B000000000309C73E2658C0FFC2,35.6018556,139.6160397,0.0,"1",00001B000000000309C73E2658C1FFC3,00001B000000000309C73E2658BFFFC2,00001B000000000309C73E2658C2FFC2,
00001B000000000309C73E2658C37FC2,35.6018251,139.6161684,0.0,"1",00001B000000000309C73E2658C67FC2,00001B000000000309C73E2658C1FFC3,,
00001B000000000309C73E2658C9FFC4,35.6017291,139.6165292,0.0,"1",00001B000000000309C73E2658C67FC2,00001B000000000309C73E2658CA7FC2,00001B000000000309C73E2658C9FFC6,
00001B000000000309C7552658C67FC2,35.6029548,139.6163347,0.0,"1",00001B000000000309C74D2658BDFFC2,00001B000000000309C7552658C57FC2,00001B000000000309C7552658C6FFC2,
00001B000000000309C755A658C4FFC2,35.6029791,139.6162651,0.0,"1",00001B000000000309C7552658C57FC2,00001B000000000309C74D2658BCFFC2,00001B000000000309C7562658C4FFC2,
00001B000000000309C7482658B5FFC4,35.6024688,139.6154283,0.0,"1",00001B000000000309C74D2658BDFFC2,00001B000000000309C7482658B4FFC2,00001B000000000309C7482658B5FFC6,
00001B000000000309C7552658C7FFC2,35.6029678,139.6164205,0.0,"1",00001B000000000309C7562658C8FFC2,00001B000000000309C7552658C6FFC2,,
00001B000000000309C756A658C9FFC2,35.6030420,139.6165332,0.0,"1",00001B000000000309C7562658C8FFC2,00001B000000000309C7572658C9FFC2,,
00001B000000000309C757A658CA7FC2,35.6030900,139.6165600,0.0,"1",00001B000000000309C757A658C97FC2,00001B000000000309C7572658C9FFC2,,
00001B000000000309C7582658C8FFC2,35.6031118,139.6164742,0.0,"1",00001B000000000309C7582658C7FFC2,00001B000000000309C757A658C97FC2,,
00001B000000000309C7582658C6FFC2,35.6031135,139.6163722,0.0,"1",00001B000000000309C7582658C7FFC2,00001B000000000309C758A658C57FC2,00001B000000000309C7572658C5FFC2,
00001B000000000309C75C2658BBFFC2,35.6033534,139.6157660,0.0,"1",00001B000000000309C75D2658BAFFC2,00001B000000000309C75DA658BC7FC2,00001B000000000309C75B2658BEFFC2,
00001B000000000309C75E2658B7FFC2,35.6034533,139.6155350,0.0,"1",00001B000000000309C75D2658B77FC2,00001B000000000309C75E2658B87FC2,,
00001B000000000309C75C2658B6FFC2,35.6033399,139.6154921,0.0,"1",00001B000000000309C75BA658B77FC2,00001B000000000309C75D2658B77FC2,,
00001B000000000309C756A658C47FC2,35.6030510,139.6162480,0.0,"1",00001B000000000309C758A658BEFFC2,00001B000000000309C7572658C5FFC2,00001B000000000309C7562658C4FFC2,
00001B000000000309C6F3A658EF7FC2,35.5975472,139.6186253,0.0,"1",00001B000000000309C6F32658EF7FC2,00001B000000000309C6F3A658E57FC2,00001B000000000309C6F52658EF7FC2,
00001B000000000309C6F22658EF7FC2,35.5974639,139.6186245,0.0,"1",00001B000000000309C6F22658E57FC2,00001B000000000309C6F32658EF7FC2,,
00001B000000000309C6F22658DB7FC4,35.5974589,139.6176812,0.0,"1",00001B000000000309C6F22658DB7FC6,00001B000000000309C6F22658E57FC2,,
00001B000000000309C6F22658DB7FC5,35.5974589,139.6176007,0.0,"1",00001B000000000309C6F22658D67FC2,00001B000000000309C6F22658DB7FC6,,
00001B000000000309C6F2A658D17FC3,35.5974807,139.6171984,0.0,"1",00001B000000000309C6F22658D67FC2,00001B000000000309C6F22658D17FC5,,
00001B000000000309C6F22658D17FC4,35.5974469,139.6171233,0.0,"1",00001B000000000309C6F22658D17FC5,00001B000000000309C6F22658D17FC6,00001B000000000309C6F0A658D17FC2,
00001B000000000309C6D626588D7FC2,35.5959060,139.6131912,0.0,"1",00001B000000000309C6D6A6588CFFC2,00001B000000000309C6D526588DFFC2,,
00001B000000000309C6D4A6588DFFC2,35.5958057,139.6132180,0.0,"1",00001B000000000309C6D4A6588E7FC2,00001B000000000309C6D526588DFFC2,,
00001B000000000309C6D4A6588EFFC2,35.5958231,139.6132716,0.0,"1",00001B000000000309C6D12658907FC2,00001B000000000309C6D4A6588E7FC2,,
00001B000000000309C6CDA658927FC2,35.5954218,139.6134487,0.0,"1",00001B000000000309C6CD2658927FC2,00001B000000000309C6D12658907FC2,,
00001B000000000309C6CCA65892FFC2,35.5953651,139.6134755,0.0,"1",00001B000000000309C6C6A658957FC2,00001B000000000309C6CD2658927FC2,,
00001B000000000309C6BD26589A7FC2,35.5945145,139.6139100,0.0,"1",00001B000000000309C6BF2658997FC2,00001B000000000309C6BCA6589A7FC2,,
00001B000000000309C6BC26589A7FC2,35.5944578,139.6138939,0.0,"1",00001B000000000309C6BBA6589A7FC2,00001B000000000309C6BCA6589A7FC2,,
00001B000000000309C6BB26589A7FC2,35.5944098,139.6139100,0.0,"1",00001B000000000309C6BB26589AFFC2,00001B000000000309C6BBA6589A7FC2,,
00001B000000000309C6BAA6589B7FC2,35.5943793,139.6139690,0.0,"1",00001B000000000309C6B22658A0FFC2,00001B000000000309C6BB26589AFFC2,,
00001B000000000309C6A9A658A5FFC2,35.5934283,139.6145484,0.0,"1",00001B000000000309C6A92658A67FC2,00001B000000000309C6B22658A0FFC2,,
00001B000000000309C6A8A658A67FC2,35.5933760,139.6145805,0.0,"1",00001B000000000309C6A7A658A77FC2,00001B000000000309C6A92658A67FC2,,
00001B000000000309C6A6A658A7FFC2,35.5932539,139.6146503,0.0,"1",00001B000000000309C6A62658A7FFC2,00001B000000000309C6A7A658A77FC2,,
00001B000000000309C6A5A658A7FFC2,35.5931972,139.6146664,0.0,"1",00001B000000000309C6A32658A97FC2,00001B000000000309C6A62658A7FFC2,,
00001B000000000309C6A12658AAFFC2,35.5929616,139.6148273,0.0,"1",00001B000000000309C6A0A658AB7FC2,00001B000000000309C6A32658A97FC2,,
00001B000000000309C6A02658AB7FC2,35.5929136,139.6148488,0.0,"1",00001B000000000309C69EA658AC7FC2,00001B000000000309C6A0A658AB7FC2,,
00001B000000000309C6EBA6587F7FC2,35.5971056,139.6124133,0.0,"1",00001B000000000309C6EC26587EFFC2,00001B000000000309C6EBA6587FFFC2,,
00001B000000000309C6EBA65880FFC2,35.5971056,139.6124723,0.0,"1",00001B000000000309C6EBA6587FFFC2,00001B000000000309C6E9265882FFC2,,
00001B000000000309C6EFA6587B7FC2,35.5973106,139.6121827,0.0,"1",00001B000000000309C6EFA6587AFFC2,00001B000000000309C6EFA6587BFFC2,,
00001B000000000309C6EE26587E7FC2,35.5972233,139.6123543,0.0,"1",00001B000000000309C6EEA6587D7FC2,00001B000000000309C6ED26587E7FC2,,
00001B000000000309C6ECA6587E7FC2,35.5971405,139.6123597,0.0,"1",00001B000000000309C6ED26587E7FC2,00001B000000000309C6EC26587EFFC2,,
00001B000000000309C6E6A65884FFC2,35.5968177,139.6127084,0.0,"1",00001B000000000309C6E9265882FFC2,00001B000000000309C6E5A658857FC2,,
00001B000000000309C6DDA658897FC2,35.5963073,139.6129551,0.0,"1",00001B000000000309C6DE265888FFC2,00001B000000000309C6DD265889FFC2,,
00001B000000000309C6DD26588A7FC2,35.5963030,139.6130088,0.0,"1",00001B000000000309C6DD265889FFC2,00001B000000000309C6DB26588B7FC2,,
00001B000000000309C6D8A6588BFFC2,35.5960543,139.6131107,0.0,"1",00001B000000000309C6DB26588B7FC2,00001B000000000309C6D826588BFFC2,,
00001B000000000309C6D7A6588BFFC2,35.5959889,139.6130892,0.0,"1",00001B000000000309C6D826588BFFC2,00001B000000000309C6D726588BFFC2,,
00001B000000000309C6D6A6588C7FC2,35.5959322,139.6131161,0.0,"1",00001B000000000309C6D726588BFFC2,00001B000000000309C6D6A6588CFFC2,,
00001B000000000309C69D2658AFFFC2,35.5927233,139.6150862,0.0,"1",00001B000000000309C69CA658AEFFC2,00001B000000000309C69CA658B07FC2,00001B000000000309C69FA658ADFFC2,
00001B000000000309C69CA658ADFFC2,35.5927086,139.6149775,0.0,"1",00001B000000000309C69CA658AEFFC2,00001B000000000309C69EA658AC7FC2,,
00001B000000000309C6E2A65885FFC2,35.5966023,139.6127692,0.0,"1",00001B000000000309C6E32658857FC2,00001B000000000309C6E2A65886FFC2,,
00001B000000000309C6DEA65888FFC2,35.5963640,139.6129337,0.0,"1",00001B000000000309C6DF265888FFC2,00001B000000000309C6DE265888FFC2,,
00001B000000000309C6E4A658867FC2,35.5966999,139.6127781,0.0,"1",00001B000000000309C6E5A658857FC2,00001B000000000309C6E42658857FC2,,
00001B000000000309C6E3A65884FFC2,35.5966634,139.6126995,0.0,"1",00001B000000000309C6E42658857FC2,00001B000000000309C6E32658857FC2,,
00001B000000000309C7172658A77FC2,35.5995184,139.6146240,0.0,"1",00001B000000000309C718A6589D7FC2,00001B000000000309C716A658A7FFC2,00001B000000000309C717A658A77FC2,
00001B000000000309C718A658A77FC2,35.5995839,139.6146347,0.0,"1",00001B000000000309C718A658A87FC2,00001B000000000309C71A26589BFFC2,00001B000000000309C717A658A77FC2,
00001B000000000309C71726587CFFC2,35.5995088,139.6122701,0.0,"1",00001B000000000309C716A6587C7FC2,00001B000000000309C716A6587D7FC2,00001B000000000309C717A6587D7FC2,
00001B000000000309C70D2658AAFFC2,35.5989452,139.6148252,0.0,"1",00001B000000000309C70E2658AAFFC2,00001B000000000309C7092658AAFFC2,00001B000000000309C70D2658AA7FC2,
00001B000000000309C71826587DFFC2,35.5995689,139.6123146,0.0,"1",00001B000000000309C71926587E7FC2,00001B000000000309C717A6587E7FC2,00001B000000000309C717A6587D7FC2,
00001B000000000309C70D2658A97FC2,35.5989452,139.6147340,0.0,"1",00001B000000000309C7092658A97FC2,00001B000000000309C70D2658A8FFC2,00001B000000000309C70D2658AA7FC2,
00001B000000000309C703A658957FC2,35.5984174,139.6136128,0.0,"1",00001B000000000309C703265894FFC2,00001B000000000309C703A6589E7FC2,00001B000000000309C7042658957FC2,
00001B000000000309C704A6588B7FC2,35.5984851,139.6130576,0.0,"1",00001B000000000309C704A65886FFC2,,,
00001B000000000309C704A658957FC2,35.5984828,139.6136289,0.0,"1",00001B000000000309C705265894FFC2,00001B000000000309C704A6589EFFC2,00001B000000000309C7042658957FC2,
00001B000000000309C70B26587DFFC2,35.5988364,139.6123197,0.0,"1",00001B000000000309C70826587DFFC2,00001B000000000309C70CA6587D7FC2,,
00001B000000000309C70CA658E07FC2,35.5989242,139.6179313,0.0,"1",00001B000000000309C70C2658E07FC2,00001B000000000309C70D2658E07FC4,,
00001B000000000309C712A6587A7FC2,35.5992509,139.6121201,0.0,"1",00001B000000000309C71026587B7FC2,00001B000000000309C712265879FFC2,00001B000000000309C7132658797FC2,
00001B000000000309C705A6587DFFC2,35.5985355,139.6123304,0.0,"1",00001B000000000309C70526587D7FC2,00001B000000000309C70826587DFFC2,00001B000000000309C70526587F7FC2,
00001B000000000309C70E26587CFFC2,35.5990240,139.6122606,0.0,"1",00001B000000000309C70CA6587D7FC2,00001B000000000309C71026587B7FC2,,
00001B000000000309C70EA658DB7FC2,35.5990420,139.6177703,0.0,"1",00001B000000000309C70E2658DB7FC2,00001B000000000309C70F2658DB7FC2,00001B000000000309C70DA658E07FC2,
00001B000000000309C718A658AA7FC2,35.5996003,139.6147823,0.0,"1",00001B000000000309C718A658A9FFC2,00001B000000000309C718A658AAFFC2,,
00001B000000000309C70B2658E07FC2,35.5988588,139.6179473,0.0,"2",00001B000000000309C70C2658E07FC2,,,
00001B000000000309C70DA658DB7FC2,35.5989809,139.6177703,0.0,"1",00001B000000000309C70D2658E07FC4,00001B000000000309C70E2658DB7FC2,,
00001B000000000309C7182658AB7FC2,35.5995698,139.6148413,0.0,"1",00001B000000000309C718A658AAFFC2,00001B000000000309C717A658AB7FC2,00001B000000000309C717A658AE7FC2,
00001B000000000309C7202658A87FC2,35.6000147,139.6146911,0.0,"1",00001B000000000309C71CA658A8FFC2,00001B000000000309C7202658A8FFC6,,
00001B000000000309C76E26588EFFC2,35.6043391,139.6132608,0.0,"2",00001B000000000309C76EA6588F7FC4,,,
00001B000000000309C76EA6588F7FC3,35.6043871,139.6132984,0.0,"1",00001B000000000309C76EA6588F7FC4,00001B000000000309C76DA658917FC2,,
00001B000000000309C76D265892FFC2,35.6042781,139.6134808,0.0,"1",00001B000000000309C76DA658917FC2,00001B000000000309C76C265892FFC2,,
00001B000000000309C73426589A7FC2,35.6013105,139.6139077,0.0,"1",00001B000000000309C73426589AFFC5,00001B000000000309C734265898FFC2,00001B000000000309C73426589AFFC6,
00001B000000000309C77226584C7FC2,35.6045692,139.6095587,0.0,"1",00001B000000000309C771A6584B7FC2,00001B000000000309C771A6584CFFC2,,
00001B000000000309C76BA65892FFC2,35.6042148,139.6134776,0.0,"1",00001B000000000309C76C265892FFC2,00001B000000000309C76AA65890FFC2,,
00001B000000000309C75BA6586C7FC2,35.6033116,139.6113549,0.0,"1",00001B000000000309C75AA6586E7FC2,00001B000000000309C75C26586BFFC2,,
00001B000000000309C752A6587FFFC2,35.6028103,139.6124172,0.0,"1",00001B000000000309C754A65881FFC2,00001B000000000309C75226587F7FC2,,
00001B000000000309C76726588AFFC2,35.6039455,139.6130348,0.0,"1",00001B000000000309C766A65889FFC2,00001B000000000309C76826588CFFC2,,
00001B000000000309C73426589B7FC2,35.6013105,139.6139721,0.0,"1",00001B000000000309C73426589BFFC4,00001B000000000309C73426589AFFC6,,
00001B000000000309C757265884FFC2,35.6030763,139.6127176,0.0,"1",00001B000000000309C7592658877FC2,00001B000000000309C7572658847FC2,,
00001B000000000309C75DA6588DFFC2,35.6034337,139.6132204,0.0,"1",00001B000000000309C75E26588DFFC2,00001B000000000309C75DA6588EFFC2,00001B000000000309C75CA6588BFFC2,
00001B000000000309C756A65883FFC2,35.6030371,139.6126640,0.0,"1",00001B000000000309C7572658847FC2,00001B000000000309C754A65881FFC2,,
00001B000000000309C73E2658867FC2,35.6016968,139.6127890,0.0,"1",00001B000000000309C73E26588A7FC2,00001B000000000309C739265881FFC2,,
00001B000000000309C75B2658897FC2,35.6032988,139.6129590,0.0,"1",00001B000000000309C75CA6588BFFC2,00001B000000000309C7592658877FC2,,
00001B000000000309C7482658A07FC2,35.6024557,139.6142267,0.0,"1",00001B000000000309C7482658A17FC2,00001B000000000309C74826589AFFC2,,
00001B000000000309C72526585EFFC2,35.6004526,139.6105872,0.0,"1",00001B000000000309C72526585F7FC2,00001B000000000309C725265860FFC2,00001B000000000309C72526585DFFC2,
00001B000000000309C75326589FFFC2,35.6028495,139.6142089,0.0,"1",00001B000000000309C752A658A1FFC2,00001B000000000309C75426589D7FC2,,
00001B000000000309C75FA6588E7FC2,35.6035399,139.6132386,0.0,"1",00001B000000000309C761A6588CFFC2,00001B000000000309C75F26588DFFC2,,
00001B000000000309C74D2658A5FFC3,35.6026704,139.6145293,0.0,"1",00001B000000000309C74D2658A4FFC2,00001B000000000309C74D2658A6FFC2,,
00001B000000000309C73926587D7FC2,35.6014263,139.6123008,0.0,"1",00001B000000000309C739265881FFC2,00001B000000000309C73426587AFFC2,,
00001B000000000309C7252658607FC2,35.6005133,139.6106680,0.0,"1",00001B000000000309C72526585F7FC2,00001B000000000309C72A26585D7FC2,00001B000000000309C7252658617FC2,
00001B000000000309C734265876FFC3,35.6012693,139.6119253,0.0,"1",00001B000000000309C7342658777FC2,00001B000000000309C734265876FFC4,,
00001B000000000309C734265877FFC2,35.6012693,139.6119951,0.0,"1",00001B000000000309C73426587AFFC2,00001B000000000309C7342658777FC2,,
00001B000000000309C72026586AFFC2,35.6000835,139.6112619,0.0,"1",00001B000000000309C7202658677FC2,00001B000000000309C720265869FFC2,00001B000000000309C72026586C7FC2,
00001B000000000309C73E26588E7FC2,35.6019342,139.6132264,0.0,"1",00001B000000000309C74326588CFFC2,00001B000000000309C73E26588FFFC2,00001B000000000309C74326588EFFC2,00001B000000000309C73E26588A7FC2
00001B000000000309C74326588F7FC3,35.6019628,139.6132933,0.0,"1",00001B000000000309C74326588FFFC3,00001B000000000309C74326588EFFC2,,
00001B000000000309C7482658B27FC3,35.6024252,139.6152244,0.0,"1",00001B000000000309C7482658AEFFC2,00001B000000000309C7482658B3FFC4,00001B000000000309C7482658B2FFC2,
00001B000000000309C7482658B37FC2,35.6024709,139.6152824,0.0,"1",00001B000000000309C7482658B27FC4,00001B000000000309C7482658B3FFC3,00001B000000000309C7482658B2FFC2,
00001B000000000309C7432658BDFFC2,35.6021547,139.6158682,0.0,"1",00001B000000000309C7432658BE7FC3,00001B000000000309C7432658BF7FC4,,
00001B000000000309C74D2658B47FC2,35.6025080,139.6153478,0.0,"1",00001B000000000309C7482658B4FFC2,00001B000000000309C74D2658BCFFC2,00001B000000000309C7482658B3FFC3,
00001B000000000309C7482658BE7FC2,35.6022594,139.6159004,0.0,"1",00001B000000000309C7482658BEFFC3,00001B000000000309C7482658BEFFC4,00001B000000000309C7482658BD7FC2,
00001B000000000309C7482658BC7FC2,35.6023379,139.6158038,0.0,"1",00001B000000000309C7482658BBFFC2,00001B000000000309C7482658BD7FC2,,
00001B000000000309C7482658BFFFC2,35.6022899,139.6159862,0.0,"2",00001B000000000309C7482658BEFFC3,,,
00001B000000000309C7432658BF7FC3,35.6021940,139.6159647,0.0,"1",00001B000000000309C7482658BEFFC4,00001B000000000309C7432658BE7FC3,,
00001B000000000309C7482658BAFFC2,35.6022943,139.6157126,0.0,"1",00001B000000000309C7482658BA7FC2,00001B000000000309C7482658BBFFC2,,
00001B000000000309C7482658B97FC3,35.6023161,139.6156268,0.0,"1",00001B000000000309C7482658B7FFC2,00001B000000000309C7482658BA7FC2,,
00001B000000000309C7392658C77FC2,35.6016375,139.6164058,0.0,"1",00001B000000000309C7392658C87FC2,00001B000000000309C7392658C6FFC2,,
00001B000000000309C73E2658CAFFC2,35.6017596,139.6165989,0.0,"1",00001B000000000309C73E2658C6FFC2,00001B000000000309C73E2658CA7FC2,,
00001B000000000309C7482658B67FC2,35.6024034,139.6154498,0.0,"1",00001B000000000309C7482658B5FFC6,00001B000000000309C7482658B7FFC2,,
00001B000000000309C73E2658C27FC2,35.6018948,139.6161322,0.0,"1",00001B000000000309C73E2658C1FFC4,00001B000000000309C73E2658C6FFC2,,
00001B000000000309C73E2658C9FFC5,35.6016855,139.6165346,0.0,"1",00001B000000000309C73E2658C9FFC6,00001B000000000309C7392658C87FC2,,
00001B000000000309C73E2658C17FC2,35.6019367,139.6160667,0.0,"1",00001B000000000309C7432658BF7FC4,00001B000000000309C73E2658C1FFC4,,
00001B000000000309C7392658C67FC2,35.6016549,139.6163468,0.0,"1",00001B000000000309C7392658C6FFC2,00001B000000000309C7392658C5FFC2,,
00001B000000000309C7392658C57FC4,35.6016323,139.6162889,0.0,"1",00001B000000000309C7392658C5FFC2,00001B000000000309C73E2658C2FFC2,00001B000000000309C7392658C57FC6,
00001B000000000309C715A6587A7FC2,35.5994216,139.6121145,1.0,"1",00001B000000000309C714A6587B7FC2,00001B000000000309C714A65877FFC2,00001B000000000309C71626587AFFC2,
00001B000000000309C6F32658947FC2,35.5975036,139.6135828,0.0,"1",00001B000000000309C6F2A65893FFC2,00001B000000000309C6F22658957FC2,00001B000000000309C6FAA658947FC2,
00001B000000000309C71426587C7FC2,35.5993561,139.6122433,1.0,"1",00001B000000000309C71426587DFFC2,00001B000000000309C714A6587B7FC2,,
00001B000000000309C6EF2658D67FC3,35.5972812,139.6174076,0.0,"1",00001B000000000309C6EF2658D67FC4,00001B000000000309C6EE2658D67FC2,,
00001B000000000309C6F3A6588D7FC2,35.5975468,139.6131743,0.0,"1",00001B000000000309C6F326588E7FC2,00001B000000000309C6F4A6588CFFC2,00001B000000000309C6F326588CFFC2,
00001B000000000309C6F326588F7FC2,35.5975080,139.6132824,0.0,"1",00001B000000000309C6F1A65890FFC2,00001B000000000309C6F326588E7FC2,,
00001B000000000309C6ED2658D67FC2,35.5971852,139.6174130,0.0,"2",00001B000000000309C6EE2658D67FC2,,,
00001B000000000309C6F526588C7FC2,35.5976214,139.6131161,0.0,"1",00001B000000000309C6F4A6588CFFC2,00001B000000000309C6F9A65886FFC2,,
00001B000000000309C719A6587F7FC2,35.5996615,139.6123988,0.0,"1",00001B000000000309C71AA65881FFC2,00001B000000000309C71926587E7FC2,,
00001B000000000309C716A6587BFFC2,35.5994739,139.6121950,1.0,"1",00001B000000000309C71626587AFFC2,00001B000000000309C716A6587C7FC2,,
00001B000000000309C6F2A6588BFFC2,35.5974814,139.6131099,0.0,"1",00001B000000000309C6F226588BFFC2,00001B000000000309C6F326588CFFC2,,
00001B000000000309C71A26586B7FC2,35.5996735,139.6112941,1.0,"1",00001B000000000309C716A658707FC2,00001B000000000309C717A65868FFC2,00001B000000000309C71AA6586A7FC2,
00001B000000000309C713A6587EFFC2,35.5993213,139.6123774,1.0,"2",00001B000000000309C71426587DFFC2,,,
00001B000000000309C71BA658847FC2,35.5997742,139.6126679,0.0,"1",00001B000000000309C71AA65881FFC2,00001B000000000309C71C265882FFC2,00001B000000000309C71C2658867FC2,
00001B000000000309C713A658757FC2,35.5993082,139.6118356,1.0,"1",00001B000000000309C716A658707FC2,00001B000000000309C714A65877FFC2,,
00001B000000000309C71726587EFFC2,35.5995001,139.6123613,0.0,"1",00001B000000000309C717A6587E7FC2,00001B000000000309C7172658887FC2,,
00001B000000000309C716265891FFC2,35.5994617,139.6134318,0.0,"1",00001B000000000309C716A65891FFC2,00001B000000000309C715A658927FC2,00001B000000000309C716265887FFC2,
00001B000000000309C717A658937FC2,35.5995481,139.6135039,0.0,"1",00001B000000000309C717A65892FFC2,00001B000000000309C718A658937FC2,,
00001B000000000309C719265892FFC2,35.5996264,139.6134994,0.0,"1",00001B000000000309C718A658937FC2,00001B000000000309C719A658937FC2,00001B000000000309C719A65892FFC2,
00001B000000000309C717265891FFC2,35.5995271,139.6134425,0.0,"1",00001B000000000309C716A65891FFC2,00001B000000000309C7172658887FC2,00001B000000000309C717A65892FFC2,
00001B000000000309C7572658947FC2,35.6030630,139.6135691,0.0,"1",00001B000000000309C758A658937FC2,00001B000000000309C756265895FFC2,,
00001B000000000309C75A265891FFC2,35.6032433,139.6134371,0.0,"1",00001B000000000309C758A658937FC2,,,
00001B000000000309C75EA6588D7FC2,35.6034860,139.6131829,0.0,"1",00001B000000000309C75E26588DFFC2,00001B000000000309C75D26588AFFC2,00001B000000000309C75F26588DFFC2,
00001B000000000309C75AA658867FC2,35.6032549,139.6127872,0.0,"1",00001B000000000309C75B2658877FC2,00001B000000000309C759A658857FC2,,
00001B000000000309C71A265893FFC2,35.5996746,139.6135414,0.0,"1",00001B000000000309C718A6589D7FC2,00001B000000000309C719A658937FC2,,
00001B000000000309C75C265887FFC2,35.6033334,139.6128878,0.0,"1",00001B000000000309C75B2658877FC2,00001B000000000309C75D26588AFFC2,,
00001B000000000309C765265888FFC2,35.6038583,139.6129329,0.0,"1",00001B000000000309C764265889FFC2,00001B000000000309C765A65888FFC2,,
00001B000000000309C74D26587EFFC3,35.6026414,139.6123803,0.0,"1",00001B000000000309C74D265880FFC2,00001B000000000309C74D26587D7FC4,00001B000000000309C74D26587E7FC4,
00001B000000000309C72A26585A7FC2,35.6007532,139.6103515,0.0,"1",00001B000000000309C72A265859FFC2,00001B000000000309C72A26585D7FC2,,
00001B000000000309C752A658A4FFC2,35.6028068,139.6144939,0.0,"1",00001B000000000309C74D2658A57FC2,00001B000000000309C7522658A47FC2,,
00001B000000000309C75526589A7FC2,35.6029499,139.6139067,0.0,"1",00001B000000000309C755A658997FC2,00001B000000000309C75426589D7FC2,,
00001B000000000309C769A6588EFFC2,35.6040883,139.6132737,0.0,"1",00001B000000000309C76826588CFFC2,00001B000000000309C76AA65890FFC2,,
00001B000000000309C74D2658A3FFC3,35.6027710,139.6144235,0.0,"1",00001B000000000309C752A658A1FFC2,00001B000000000309C7522658A47FC2,,
00001B000000000309C74D2658837FC2,35.6025192,139.6126164,0.0,"1",00001B000000000309C74D265880FFC2,00001B000000000309C7482658857FC2,,
00001B000000000309C748265887FFC2,35.6023579,139.6128631,0.0,"1",00001B000000000309C7482658857FC2,00001B000000000309C7482658887FC4,,
00001B000000000309C74326588A7FC2,35.6021965,139.6130133,0.0,"1",00001B000000000309C748265889FFC4,00001B000000000309C74326588B7FC2,,
00001B000000000309C71C265887FFC2,35.5997914,139.6128886,0.0,"1",00001B000000000309C71C2658867FC2,00001B000000000309C71B26588D7FC2,00001B000000000309C71CA658887FC2,
00001B000000000309C7482658897FC3,35.6022706,139.6129543,0.0,"1",00001B000000000309C7482658887FC4,00001B000000000309C748265889FFC4,,
00001B000000000309C71F2658697FC2,35.5999483,139.6111922,0.0,"1",00001B000000000309C71FA658697FC2,00001B000000000309C71EA65868FFC2,00001B000000000309C71E26586AFFC2,
00001B000000000309C71D26586BFFC2,35.5998480,139.6113209,0.0,"1",00001B000000000309C71E26586AFFC2,00001B000000000309C71D26586CFFC2,,
00001B000000000309C71BA65868FFC2,35.5997651,139.6111653,1.0,"1",00001B000000000309C71AA6586A7FC2,00001B000000000309C71C2658697FC2,,
00001B000000000309C71D26586D7FC2,35.5998523,139.6114014,0.0,"1",00001B000000000309C71E26586DFFC2,00001B000000000309C71D26586CFFC2,,
00001B000000000309C711A65864FFC2,35.5992072,139.6109239,2.0,"3",00001B000000000309C712A65865FFC2,00001B000000000309C710A658637FC2,,
00001B000000000309C725265896FFC2,35.6003297,139.6137107,0.0,"1",00001B000000000309C725265895FFC2,00001B000000000309C720265896FFC4,00001B000000000309C7252658997FC2,
00001B000000000309C71E2658687FC2,35.5998960,139.6111278,0.0,"1",00001B000000000309C71D2658697FC2,00001B000000000309C71EA65868FFC2,,
00001B000000000309C716265856FFC2,35.5994470,139.6101511,0.0,"1",00001B000000000309C714A658557FC2,,,
00001B000000000309C712A65851FFC2,35.5992550,139.6098829,0.0,"1",00001B000000000309C713265852FFC2,00001B000000000309C711A65850FFC2,,
00001B000000000309C71FA6582C7FC2,35.5999975,139.6077785,0.0,"1",00001B000000000309C71F26582B7FC2,00001B000000000309C720265828FFC2,00001B000000000309C71FA6582CFFC2,
00001B000000000309C71E26582AFFC2,35.5999049,139.6077010,0.0,"1",00001B000000000309C71F26582B7FC2,00001B000000000309C71D26582AFFC2,00001B000000000309C71FA65827FFC2,
00001B000000000309C71AA658357FC2,35.5997219,139.6082882,0.0,"1",00001B000000000309C71B2658367FC2,00001B000000000309C71C2658327FC2,,
00001B000000000309C7192658387FC2,35.5996173,139.6084598,0.0,"1",00001B000000000309C71626583D7FC2,00001B000000000309C719A658387FC2,,
00001B000000000309C713A65853FFC2,35.5993292,139.6099794,0.0,"1",00001B000000000309C713265852FFC2,00001B000000000309C714A658557FC2,,
00001B000000000309C71BA6582BFFC2,35.5997668,139.6077669,0.0,"1",00001B000000000309C717A658247FC2,00001B000000000309C71C26582B7FC2,00001B000000000309C71C26582CFFC2,
00001B000000000309C71426581CFFC2,35.5993341,139.6069360,0.0,"1",00001B000000000309C717A658247FC2,00001B000000000309C71326581BFFC2,,
00001B000000000309C71FA6582D7FC2,35.5999924,139.6078537,0.0,"1",00001B000000000309C71FA6582CFFC2,00001B000000000309C71FA6582E7FC2,,
00001B000000000309C6E1A6588BFFC2,35.5965442,139.6130911,0.0,"1",00001B000000000309C6E0A6588B7FC2,00001B000000000309C6E226588B7FC2,,
00001B000000000309C7122658797FC2,35.5992247,139.6120611,0.0,"2",00001B000000000309C712265879FFC2,,,
00001B000000000309C714A65864FFC2,35.5993817,139.6109400,2.0,"2",00001B000000000309C714265865FFC2,00001B000000000309C7152658657FC2,,
00001B000000000309C7172658367FC2,35.5995269,139.6083570,0.0,"1",00001B000000000309C7182658357FC2,00001B000000000309C71426583C7FC2,,
00001B000000000309C713A658787FC2,35.5993250,139.6120128,0.0,"1",00001B000000000309C7132658797FC2,00001B000000000309C7132658777FC2,,
00001B000000000309C70EA658707FC2,35.5990458,139.6115730,0.0,"1",00001B000000000309C70F265870FFC2,00001B000000000309C70EA6586F7FC2,,
00001B000000000309C718A65833FFC2,35.5996010,139.6082068,0.0,"1",00001B000000000309C7182658357FC2,00001B000000000309C719265832FFC2,,
00001B000000000309C71A265831FFC2,35.5996752,139.6080995,0.0,"1",00001B000000000309C719265832FFC2,00001B000000000309C71B26582FFFC2,,
00001B000000000309C703A6588C7FC2,35.5984196,139.6131268,0.0,"1",00001B000000000309C703A6588FFFC2,00001B000000000309C7032658877FC2,,
00001B000000000309C6F126589AFFC2,35.5974113,139.6139218,0.0,"1",00001B000000000309C6F12658987FC2,00001B000000000309C6F1A658A1FFC2,,
00001B000000000309C72F26588EFFC2,35.6009708,139.6132655,0.0,"1",00001B000000000309C72F26588F7FC2,00001B000000000309C72F26588E7FC2,00001B000000000309C72F2658927FC2,
00001B000000000309C712A658767FC2,35.5992717,139.6118973,0.0,"1",00001B000000000309C712265874FFC2,00001B000000000309C7132658777FC2,,
00001B000000000309C73426588FFFC2,35.6011129,139.6133111,0.0,"2",00001B000000000309C72F26588F7FC2,,,
00001B000000000309C7032658827FC2,35.5984090,139.6125557,0.0,"1",00001B000000000309C7032658877FC2,00001B000000000309C702A65881FFC2,00001B000000000309C703A658827FC2,
00001B000000000309C725265862FFC3,35.6002821,139.6108074,0.0,"1",00001B000000000309C720265865FFC2,00001B000000000309C725265860FFC2,,
00001B000000000309C7252658117FC2,35.6003891,139.6062848,0.0,"1",00001B000000000309C72526580C7FC2,00001B000000000309C7252658147FC2,,
00001B000000000309C6E2A6588AFFC2,35.5966002,139.6130455,0.0,"1",00001B000000000309C6E2A6588A7FC2,00001B000000000309C6E226588B7FC2,00001B000000000309C6E926588B7FC2,
00001B000000000309C71D26585DFFC2,35.5998349,139.6105377,0.5,"1",00001B000000000309C71C26585E7FC2,00001B000000000309C71DA6585EFFC2,,
00001B000000000309C715265865FFC2,35.5994166,139.6109990,1.0,"1",00001B000000000309C7152658657FC2,00001B000000000309C714A65866FFC2,00001B000000000309C7162658657FC2,00001B000000000309C717A65868FFC2
00001B000000000309C72A265806FFC2,35.6005636,139.6057161,0.0,"1",00001B000000000309C72526580C7FC2,,,
00001B000000000309C70026584F7FC2,35.5982392,139.6097243,0.0,"1",00001B000000000309C6FFA6584F7FC2,00001B000000000309C702A6584EFFC2,,
00001B000000000309C70526584EFFC2,35.5985009,139.6097136,0.0,"1",00001B000000000309C702A6584EFFC2,00001B000000000309C705A6584F7FC2,,
00001B000000000309C725265863FFC4,35.6003650,139.6108664,0.0,"1",00001B000000000309C7202658677FC2,00001B000000000309C725265863FFC6,,
00001B000000000309C7202658697FC2,35.6000161,139.6111722,0.0,"1",00001B000000000309C720265865FFC2,00001B000000000309C71FA658697FC2,00001B000000000309C720265869FFC2,
00001B000000000309C6FEA6584DFFC2,35.5981607,139.6096600,0.0,"1",00001B000000000309C6FE26584DFFC2,00001B000000000309C6FEA6584EFFC2,,
00001B000000000309C6FF26584F7FC2,35.5981694,139.6097297,0.0,"1",00001B000000000309C6FEA6584EFFC2,00001B000000000309C6FFA6584F7FC2,,
00001B000000000309C70626584F7FC2,35.5985664,139.6097351,0.0,"1",00001B000000000309C705A6584F7FC2,00001B000000000309C7062658507FC2,,
00001B000000000309C70FA658427FC2,35.5991006,139.6090175,0.0,"1",00001B000000000309C70EA658417FC2,00001B000000000309C710A658427FC2,00001B000000000309C70F265842FFC2,
00001B000000000309C6FDA6584DFFC2,35.5981040,139.6096653,0.0,"2",00001B000000000309C6FE26584DFFC2,,,
00001B000000000309C706A65850FFC2,35.5985969,139.6098209,0.0,"1",00001B000000000309C7062658507FC2,00001B000000000309C706A658517FC2,,
00001B000000000309C70CA6583EFFC2,35.5989290,139.6088275,0.0,"1",00001B000000000309C70D26583FFFC2,,,
00001B000000000309C7072658527FC2,35.5986182,139.6098936,0.0,"1",00001B000000000309C706A658517FC2,00001B000000000309C706A65852FFC2,00001B000000000309C707A65851FFC2,
00001B000000000309C70D265840FFC2,35.5989639,139.6089241,0.0,"1",00001B000000000309C70D26583FFFC2,00001B000000000309C70EA658417FC2,,
00001B000000000309C72526585CFFC2,35.6004177,139.6104960,0.0,"1",00001B000000000309C72526585DFFC2,00001B000000000309C72526585C7FC5,,
00001B000000000309C72526585BFFC2,35.6004687,139.6104369,0.0,"1",00001B000000000309C72526585C7FC5,00001B000000000309C72526585C7FC6,,
00001B000000000309C73426584C7FC3,35.6011361,139.6095786,0.0,"1",00001B000000000309C73426584D7FC2,00001B000000000309C73426584B7FC2,,
00001B000000000309C72526585C7FC4,35.6005267,139.6104638,0.0,"1",00001B000000000309C72526585C7FC6,00001B000000000309C72A2658557FC2,,
00001B000000000309C73426584A7FC4,35.6012038,139.6094648,0.0,"1",00001B000000000309C73426584B7FC2,00001B000000000309C73426584A7FC6,,
00001B000000000309C739265846FFC2,35.6014224,139.6092764,0.0,"1",00001B000000000309C734265848FFC2,00001B000000000309C739265845FFC2,,
00001B000000000309C739265841FFC2,35.6015315,139.6089921,0.0,"1",00001B000000000309C7392658437FC2,00001B000000000309C73926583FFFC2,,
00001B000000000309C7392658447FC2,35.6014966,139.6091262,0.0,"1",00001B000000000309C739265845FFC2,00001B000000000309C7392658437FC2,,
00001B000000000309C73926583DFFC2,35.6015664,139.6087507,0.0,"1",00001B000000000309C73926583FFFC2,00001B000000000309C739265838FFC2,,
00001B000000000309C739265831FFC3,35.6014181,139.6081016,0.0,"1",00001B000000000309C739265832FFC4,00001B000000000309C7392658317FC4,,
00001B000000000309C7392658337FC3,35.6014268,139.6081928,0.0,"1",00001B000000000309C739265833FFC4,00001B000000000309C739265832FFC4,,
00001B000000000309C73926582CFFC3,35.6014439,139.6078176,0.0,"1",00001B000000000309C73926582BFFC2,00001B000000000309C73926582EFFC4,,
00001B000000000309C73926582B7FC2,35.6014224,139.6077261,0.0,"1",00001B000000000309C73926582BFFC2,00001B000000000309C7392658267FC2,,
00001B000000000309C73426581BFFC2,35.6013701,139.6068839,0.0,"1",00001B000000000309C73426581EFFC2,00001B000000000309C73426581A7FC2,,
00001B000000000309C7342658217FC2,35.6013614,139.6071789,0.0,"1",00001B000000000309C7392658267FC2,00001B000000000309C73426581EFFC2,,
00001B000000000309C739265818FFC3,35.6014006,139.6067122,0.0,"1",00001B000000000309C73426581A7FC2,00001B000000000309C7342658187FC2,,
00001B000000000309C7342658177FC2,35.6013396,139.6066371,0.0,"2",00001B000000000309C7342658187FC2,,,
00001B000000000309C73926580C7FC2,35.6016507,139.6060273,0.0,"1",00001B000000000309C739265810FFC2,,,
00001B000000000309C739265814FFC2,35.6015286,139.6064994,0.0,"1",00001B000000000309C739265810FFC2,00001B000000000309C739265816FFC2,,
00001B000000000309C739265818FFC4,35.6014763,139.6066979,0.0,"1",00001B000000000309C739265816FFC2,00001B000000000309C73926581B7FC2,,
00001B000000000309C73926581D7FC2,35.6014545,139.6069714,0.0,"1",00001B000000000309C73926581B7FC2,00001B000000000309C7392658207FC2,,
00001B000000000309C73926582C7FC3,35.6015137,139.6077854,0.0,"1",00001B000000000309C7392658277FC2,00001B000000000309C73926582C7FC4,,
00001B000000000309C739265822FFC2,35.6014501,139.6072611,0.0,"1",00001B000000000309C7392658207FC2,00001B000000000309C7392658277FC2,,
00001B000000000309C73926582CFFC4,35.6015664,139.6078173,0.0,"1",00001B000000000309C73926582C7FC4,00001B000000000309C73926582DFFC2,,
00001B000000000309C73926582E7FC2,35.6015926,139.6079085,0.0,"1",00001B000000000309C73926582DFFC2,00001B000000000309C73926582EFFC3,,
00001B000000000309C73926582F7FC2,35.6015386,139.6079694,0.0,"1",00001B000000000309C7392658307FC2,00001B000000000309C73926582EFFC3,,
00001B000000000309C73926583B7FC2,35.6016449,139.6086112,0.0,"1",00001B000000000309C739265836FFC2,00001B000000000309C73926583CFFC2,,
00001B000000000309C73926583E7FC2,35.6016570,139.6088054,0.0,"1",00001B000000000309C73926583CFFC2,00001B000000000309C73926583F7FC2,,
00001B000000000309C7392658407FC2,35.6016483,139.6089019,0.0,"1",00001B000000000309C73926583F7FC2,00001B000000000309C739265842FFC2,,
00001B000000000309C7392658477FC2,35.6015446,139.6092818,0.0,"1",00001B000000000309C7392658467FC2,00001B000000000309C739265847FFC2,,
00001B000000000309C7392658457FC2,35.6015960,139.6091809,0.0,"1",00001B000000000309C739265842FFC2,00001B000000000309C7392658467FC2,,
00001B000000000309C739265848FFC2,35.6014922,139.6093837,0.0,"1",00001B000000000309C739265847FFC2,00001B000000000309C7392658497FC2,,
00001B000000000309C72F2658967FC2,35.6008662,139.6136785,0.0,"1",00001B000000000309C72F265896FFC2,00001B000000000309C72F2658927FC2,00001B000000000309C72A2658967FC2,
00001B000000000309C73926584BFFC3,35.6014268,139.6095500,0.0,"1",00001B000000000309C73926584B7FC2,00001B000000000309C73926584CFFC2,00001B000000000309C73926584BFFC4,
00001B000000000309C759265884FFC2,35.6031764,139.6127014,0.0,"1",00001B000000000309C759A658857FC2,00001B000000000309C756265881FFC2,,
00001B000000000309C752A6587C7FC2,35.6028100,139.6122347,0.0,"1",00001B000000000309C75326587CFFC2,00001B000000000309C75226587BFFC2,,
00001B000000000309C753A6587EFFC2,35.6028623,139.6123688,0.0,"1",00001B000000000309C756265881FFC2,00001B000000000309C75326587DFFC2,,
00001B000000000309C75326587D7FC2,35.6028580,139.6122830,0.0,"1",00001B000000000309C75326587DFFC2,00001B000000000309C75326587CFFC2,,
00001B000000000309C74D26587B7FC3,35.6027616,139.6121792,0.0,"1",00001B000000000309C75226587BFFC2,00001B000000000309C74D26587B7FC4,00001B000000000309C753A658787FC2,
00001B000000000309C75F2658BD7FC2,35.6035104,139.6158411,0.0,"2",00001B000000000309C75DA658BC7FC2,,,
00001B000000000309C7482658B1FFC2,35.6024971,139.6152073,0.0,"1",00001B000000000309C74D2658AF7FC2,00001B000000000309C7482658B27FC4,,
00001B000000000309C74D2658A5FFC4,35.6027361,139.6145469,0.0,"1",00001B000000000309C74D2658A57FC2,00001B000000000309C74D2658A77FC2,,
00001B000000000309C75A2658C1FFC2,35.6032269,139.6161094,0.0,"1",00001B000000000309C75B2658BEFFC2,00001B000000000309C759A658C2FFC2,,
00001B000000000309C7592658C3FFC2,35.6031746,139.6162059,0.0,"1",00001B000000000309C759A658C2FFC2,00001B000000000309C758A658C57FC2,,
00001B000000000309C74D2658A8FFC2,35.6026759,139.6147192,0.0,"1",00001B000000000309C74D2658A77FC2,00001B000000000309C74D2658AAFFC2,,
00001B000000000309C7432658BBFFC2,35.6021611,139.6157584,0.0,"1",00001B000000000309C7432658BA7FC2,00001B000000000309C7432658BCFFC2,,
00001B000000000309C7342658B6FFC2,35.6011793,139.6154851,0.0,"1",00001B000000000309C7342658BDFFC2,00001B000000000309C7342658B57FC2,,
00001B000000000309C7432658BD7FC2,35.6020477,139.6158603,0.0,"1",00001B000000000309C7432658BCFFC2,00001B000000000309C7432658BE7FC4,,
00001B000000000309C7392658C57FC5,35.6015626,139.6162835,0.0,"1",00001B000000000309C7392658C57FC6,00001B000000000309C7342658BDFFC2,,
00001B000000000309C7482658B97FC4,35.6022527,139.6156135,0.0,"1",00001B000000000309C7482658B77FC2,00001B000000000309C7432658BA7FC2,,
00001B000000000309C7342658B47FC2,35.6011700,139.6153340,0.0,"1",00001B000000000309C7342658B57FC2,00001B000000000309C7342658B37FC2,,
00001B000000000309C7342658B2FFC2,35.6011177,139.6152696,0.0,"1",00001B000000000309C7342658B37FC2,00001B000000000309C72F2658B2FFC2,,
00001B000000000309C74D2658AC7FC2,35.6025712,139.6149069,0.0,"1",00001B000000000309C74D2658AAFFC2,00001B000000000309C74D2658AF7FC2,,
00001B000000000309C7252658B17FC2,35.6005026,139.6151784,0.0,"1",00001B000000000309C7252658B47FC2,00001B000000000309C7252658AD7FC2,,
00001B000000000309C7432658BEFFC2,35.6019910,139.6159193,0.0,"1",00001B000000000309C7432658BE7FC4,00001B000000000309C73E2658BFFFC2,,
00001B000000000309C7202658A8FFC4,35.6002279,139.6147117,0.0,"1",00001B000000000309C7202658A8FFC5,00001B000000000309C7252658A8FFC4,,
00001B000000000309C72F2658B27FC2,35.6010479,139.6152374,0.0,"1",00001B000000000309C72F2658B2FFC2,00001B000000000309C72F2658ADFFC2,,
00001B000000000309C7252658B7FFC4,35.6004677,139.6155432,0.0,"1",00001B000000000309C7252658B7FFC6,00001B000000000309C7252658B47FC2,,
00001B000000000309C7202658947FC2,35.6002468,139.6135659,0.0,"1",00001B000000000309C725265894FFC4,00001B000000000309C720265892FFC2,00001B000000000309C720265894FFC2,
00001B000000000309C7252658B7FFC5,35.6005332,139.6155539,0.0,"2",00001B000000000309C7252658B7FFC6,,,
00001B000000000309C7252658A9FFC2,35.6005506,139.6147600,0.0,"1",00001B000000000309C7252658AD7FC2,00001B000000000309C7252658A97FC2,,
00001B000000000309C7202658A97FC2,35.6000627,139.6147233,0.0,"1",00001B000000000309C7202658A8FFC5,00001B000000000309C7202658A8FFC6,,
00001B000000000309C7162658AA7FC2,35.5994471,139.6147922,0.0,"1",00001B000000000309C712A658AAFFC2,00001B000000000309C7162658A97FC2,00001B000000000309C716A658AAFFC2,
00001B000000000309C70F2658AAFFC2,35.5990686,139.6148196,0.0,"1",00001B000000000309C712A658AAFFC2,00001B000000000309C70E2658AAFFC2,,
00001B000000000309C702A658AB7FC2,35.5983794,139.6148357,0.0,"1",00001B000000000309C7022658AB7FC2,00001B000000000309C7032658AB7FC2,,
00001B000000000309C7012658ABFFC2,35.5982921,139.6148625,0.0,"1",00001B000000000309C7022658AB7FC2,00001B000000000309C6FAA658ABFFC2,,
00001B000000000309C6F3A658ABFFC2,35.5975465,139.6148713,0.0,"1",00001B000000000309C6FAA658ABFFC2,00001B000000000309C6F3A658AAFFC2,00001B000000000309C6F32658AC7FC2,
00001B000000000309C6A02658CC7FC2,35.5928934,139.6168780,0.0,"1",00001B000000000309C69F2658CC7FC2,,,
00001B000000000309C69E2658CC7FC2,35.5928018,139.6168833,0.0,"1",00001B000000000309C69F2658CC7FC2,00001B000000000309C69DA658CC7FC2,,
00001B000000000309C69CA658CC7FC2,35.5927189,139.6168672,0.0,"1",00001B000000000309C69DA658CC7FC2,00001B000000000309C69CA658C07FC2,,
00001B000000000309C69C2658B17FC2,35.5926841,139.6151667,0.0,"1",00001B000000000309C69CA658C07FC2,00001B000000000309C69CA658B07FC2,,
00001B000000000309C6A2A658ABFFC2,35.5930446,139.6148840,0.0,"1",00001B000000000309C69FA658ADFFC2,00001B000000000309C6A32658ABFFC2,,
00001B000000000309C6A3A658AB7FC2,35.5930926,139.6148518,0.0,"1",00001B000000000309C6A32658ABFFC2,00001B000000000309C6A4A658AAFFC2,,
00001B000000000309C6A5A658AA7FC2,35.5931973,139.6147981,0.0,"1",00001B000000000309C6A4A658AAFFC2,00001B000000000309C6A5A658A9FFC2,,
00001B000000000309C6A62658A97FC2,35.5932453,139.6147445,0.0,"1",00001B000000000309C6A5A658A9FFC2,00001B000000000309C6AF2658A47FC2,,
00001B000000000309C6B826589EFFC2,35.5942413,139.6141566,0.0,"1",00001B000000000309C6AF2658A47FC2,00001B000000000309C6B926589E7FC2,,
00001B000000000309C7102658DB7FC4,35.5991162,139.6177650,0.0,"1",00001B000000000309C7102658DB7FC6,00001B000000000309C70F2658DB7FC2,,
00001B000000000309C7102658DB7FC5,35.5991336,139.6176201,0.0,"1",00001B000000000309C7102658DB7FC6,00001B000000000309C710A658D67FC2,,
00001B000000000309C71A2658927FC2,35.5996826,139.6134672,0.0,"1",00001B000000000309C719A65892FFC2,00001B000000000309C71B26588D7FC2,,
00001B000000000309C725265894FFC3,35.6003543,139.6136013,0.0,"1",00001B000000000309C725265894FFC4,00001B000000000309C7252658947FC2,00001B000000000309C725265895FFC2,
00001B000000000309C725265893FFC2,35.6004712,139.6135335,0.0,"1",00001B000000000309C7252658947FC2,00001B000000000309C72A265894FFC2,,
00001B000000000309C73426589AFFC4,35.6012307,139.6139280,0.0,"1",00001B000000000309C73426589AFFC5,00001B000000000309C72F2658997FC2,,
00001B000000000309C7342658977FC2,35.6013847,139.6137414,0.0,"1",00001B000000000309C734265898FFC2,00001B000000000309C739265895FFC2,,
00001B000000000309C7392658947FC2,35.6014880,139.6135686,0.0,"1",00001B000000000309C739265895FFC2,00001B000000000309C7392658937FC2,,
00001B000000000309C739265891FFC2,35.6016232,139.6134345,0.0,"1",00001B000000000309C73E26588FFFC2,00001B000000000309C7392658937FC2,,
00001B000000000309C74D26587C7FC2,35.6026545,139.6122301,0.0,"1",00001B000000000309C74D26587D7FC4,00001B000000000309C74D26587BFFC2,,
00001B000000000309C74D26587AFFC2,35.6026981,139.6121658,0.0,"1",00001B000000000309C74D26587BFFC2,00001B000000000309C74D26587B7FC4,,
00001B000000000309C755A65874FFC2,35.6029801,139.6118324,0.0,"1",00001B000000000309C753A658787FC2,00001B000000000309C756A658737FC2,,
00001B000000000309C7582658717FC2,35.6031284,139.6116124,0.0,"1",00001B000000000309C756A658737FC2,00001B000000000309C758A658707FC2,,
00001B000000000309C75926586FFFC2,35.6031895,139.6115373,0.0,"1",00001B000000000309C758A658707FC2,00001B000000000309C75AA6586E7FC2,,
00001B000000000309C768265838FFC2,35.6040235,139.6084818,0.0,"2",00001B000000000309C769265837FFC2,,,
00001B000000000309C769A658377FC2,35.6040932,139.6083959,0.0,"1",00001B000000000309C769265837FFC2,00001B000000000309C769A65837FFC2,,
00001B000000000309C76A2658387FC2,35.6041238,139.6084603,0.0,"1",00001B000000000309C769A65837FFC2,00001B000000000309C76A2658397FC2,,
00001B000000000309C765A6583F7FC2,35.6038742,139.6088497,0.0,"1",00001B000000000309C76626583F7FC2,00001B000000000309C763A65840FFC2,,
00001B000000000309C761A65841FFC2,35.6036431,139.6089946,0.0,"1",00001B000000000309C763A65840FFC2,00001B000000000309C760A658437FC2,,
00001B000000000309C75FA658447FC2,35.6035515,139.6091233,0.0,"1",00001B000000000309C760A658437FC2,00001B000000000309C75EA65845FFC2,,
00001B000000000309C75DA65846FFC2,35.6034356,139.6092692,0.0,"1",00001B000000000309C75EA65845FFC2,00001B000000000309C75CA65847FFC2,,
00001B000000000309C75B2658487FC2,35.6033048,139.6093496,0.0,"1",00001B000000000309C75CA65847FFC2,00001B000000000309C75AA65848FFC2,,
00001B000000000309C75A2658497FC2,35.6032483,139.6093987,0.0,"1",00001B000000000309C75AA65848FFC2,00001B000000000309C758A6584A7FC2,,
00001B000000000309C75726584B7FC2,35.6030692,139.6095213,0.0,"1",00001B000000000309C758A6584A7FC2,00001B000000000309C75326584D7FC2,,
00001B000000000309C74D26584F7FC2,35.6025985,139.6097313,0.0,"1",00001B000000000309C75326584D7FC2,00001B000000000309C74D26584FFFC4,,
00001B000000000309C74D26584FFFC3,35.6025153,139.6097734,0.0,"1",00001B000000000309C74D26584FFFC4,00001B000000000309C7482658507FC4,,
00001B000000000309C7482658507FC3,35.6024412,139.6097841,0.0,"1",00001B000000000309C7482658507FC4,00001B000000000309C74826584FFFC2,,
00001B000000000309C74326584FFFC5,35.6021576,139.6097520,0.0,"1",00001B000000000309C74826584FFFC2,00001B000000000309C74326584FFFC7,,
00001B000000000309C74326584FFFC6,35.6020399,139.6097680,0.0,"1",00001B000000000309C74326584FFFC7,00001B000000000309C74326584FFFC8,,
00001B000000000309C7432658507FC2,35.6019633,139.6097807,0.0,"1",00001B000000000309C74326584FFFC8,00001B000000000309C73E26584F7FC2,,
00001B000000000309C73926584DFFC2,35.6015969,139.6096466,0.0,"1",00001B000000000309C73E26584E7FC2,00001B000000000309C73926584CFFC2,,
00001B000000000309C73426584E7FC3,35.6013346,139.6096902,0.0,"1",00001B000000000309C73426584DFFC2,00001B000000000309C73426584EFFC2,,
00001B000000000309C73426584BFFC3,35.6013564,139.6095400,0.0,"1",00001B000000000309C73426584C7FC4,00001B000000000309C73926584BFFC4,,
00001B000000000309C73426584F7FC3,35.6012812,139.6097473,0.0,"1",00001B000000000309C73426584EFFC2,00001B000000000309C73426584FFFC2,,
00001B000000000309C72A265858FFC2,35.6008186,139.6102764,0.0,"1",00001B000000000309C72A265859FFC2,00001B000000000309C72F265854FFC2,,
00001B000000000309C725265863FFC5,35.6004455,139.6108864,0.0,"1",00001B000000000309C7252658637FC2,00001B000000000309C725265863FFC6,,
00001B000000000309C70B2658E57FC2,35.5988345,139.6183087,0.0,"1",00001B000000000309C70C2658E57FC2,00001B000000000309C709A658EA7FC2,,
00001B000000000309C715265892FFC2,35.5994137,139.6134908,0.0,"1",00001B000000000309C715A658927FC2,00001B000000000309C712265892FFC2,,
00001B000000000309C70F2658717FC2,35.5990676,139.6116374,0.0,"1",00001B000000000309C70F265870FFC2,00001B000000000309C709A65876FFC2,00001B000000000309C70FA65871FFC2,
00001B000000000309C711265872FFC2,35.5991878,139.6117158,0.0,"1",00001B000000000309C712265874FFC2,00001B000000000309C710A65872FFC2,,
00001B000000000309C70D2658E07FC3,35.5989504,139.6180064,0.0,"1",00001B000000000309C70DA658E07FC2,00001B000000000309C70C2658E57FC2,,
00001B000000000309C7082658EF7FC2,35.5986775,139.6187164,0.0,"1",00001B000000000309C709A658EA7FC2,00001B000000000309C7072658EF7FC2,,
00001B000000000309C7062658F47FC2,35.5985684,139.6189417,0.0,"1",00001B000000000309C7072658EF7FC2,00001B000000000309C7052658F47FC2,,
00001B000000000309C6F3A658DB7FC2,35.5975390,139.6175469,0.0,"1",00001B000000000309C6F3A658E07FC4,00001B000000000309C6F3A658D67FC4,,
00001B000000000309C703A658F97FC2,35.5984332,139.6192313,0.0,"1",00001B000000000309C7052658F47FC2,,,
00001B000000000309C6F3A658E07FC3,35.5975303,139.6180190,0.0,"1",00001B000000000309C6F3A658E57FC2,00001B000000000309C6F3A658E07FC4,,
00001B000000000309C6F3A658D67FC3,35.5975434,139.6174289,0.0,"1",00001B000000000309C6F3A658D67FC4,00001B000000000309C6F3A658D17FC4,,
00001B000000000309C6F3A658D17FC3,35.5975434,139.6169890,0.0,"1",00001B000000000309C6F3A658D17FC4,00001B000000000309C6F32658C8FFC2,,
00001B000000000309C6F5A6588F7FC2,35.5976480,139.6132876,0.0,"1",00001B000000000309C6F526588FFFC2,00001B000000000309C6F7A6588C7FC2,,
00001B000000000309C6F4A658907FC2,35.5976001,139.6133358,0.0,"1",00001B000000000309C6F3A65891FFC2,00001B000000000309C6F526588FFFC2,,
00001B000000000309C6FA2658897FC2,35.5978923,139.6129603,0.0,"1",00001B000000000309C6F7A6588C7FC2,00001B000000000309C6FCA65886FFC2,,
00001B000000000309C6F22658937FC2,35.5974556,139.6135130,0.0,"1",00001B000000000309C6F3A65891FFC2,00001B000000000309C6F2A65893FFC2,00001B000000000309C6F1265892FFC2,
00001B000000000309C6FF2658847FC2,35.5981671,139.6126760,0.0,"1",00001B000000000309C6FCA65886FFC2,00001B000000000309C700A65882FFC2,,
00001B000000000309C70426587BFFC2,35.5984569,139.6122016,0.0,"1",00001B000000000309C703A6587CFFC2,00001B000000000309C709A65876FFC2,,
00001B000000000309C6F0A65891FFC2,35.5973728,139.6134433,0.0,"1",00001B000000000309C6F1A65890FFC2,00001B000000000309C6F1265892FFC2,,
00001B000000000309C6C8A658967FC2,35.5951614,139.6136811,0.0,"1",00001B000000000309C6C52658987FC2,00001B000000000309C6D12658927FC2,,
00001B000000000309C6FE265881FFC2,35.5981191,139.6125473,0.0,"1",00001B000000000309C6F9A65886FFC2,00001B000000000309C7002658807FC2,,
00001B000000000309C6BD26589C7FC2,35.5945028,139.6140191,0.0,"1",00001B000000000309C6BF26589B7FC2,00001B000000000309C6BBA6589D7FC2,,
00001B000000000309C6BA26589DFFC2,35.5943373,139.6140922,0.0,"1",00001B000000000309C6B926589E7FC2,00001B000000000309C6BBA6589D7FC2,,
00001B000000000309C6D9A6588DFFC2,35.5960996,139.6132141,0.0,"1",00001B000000000309C6D12658927FC2,00001B000000000309C6DB26588D7FC2,,
00001B000000000309C6DEA6588BFFC2,35.5963697,139.6130911,0.0,"1",00001B000000000309C6DF26588B7FC2,00001B000000000309C6DDA6588BFFC2,,
00001B000000000309C6DD26588C7FC2,35.5962869,139.6131286,0.0,"1",00001B000000000309C6DB26588D7FC2,00001B000000000309C6DDA6588BFFC2,,
00001B000000000309C6EAA65885FFC2,35.5970502,139.6127638,0.0,"1",00001B000000000309C6E9A658867FC2,00001B000000000309C6ED265884FFC2,,
00001B000000000309C6E8A65886FFC2,35.5969283,139.6128209,0.0,"1",00001B000000000309C6E5A658887FC2,00001B000000000309C6E9A658867FC2,,
00001B000000000309C6EF265883FFC2,35.5972988,139.6126458,0.0,"1",00001B000000000309C6ED265884FFC2,00001B000000000309C6EFA65882FFC2,,
00001B000000000309C6F02658827FC2,35.5973381,139.6125707,0.0,"1",00001B000000000309C6EFA65882FFC2,00001B000000000309C6EFA658817FC2,,
00001B000000000309C6EFA65880FFC2,35.5973076,139.6124795,0.0,"1",00001B000000000309C6EFA658817FC2,00001B000000000309C6EFA6587FFFC2,,
00001B000000000309C6F5265877FFC2,35.5976303,139.6119913,0.0,"1",00001B000000000309C6F326587A7FC2,00001B000000000309C6FA26586F7FC2,,
00001B000000000309C6FF2658667FC2,35.5981787,139.6110111,0.0,"1",00001B000000000309C6FFA65865FFC2,00001B000000000309C6FA26586F7FC2,,
00001B000000000309C70CA65849FFC2,35.5989366,139.6094269,0.0,"1",00001B000000000309C70E2658477FC2,00001B000000000309C70AA6584DFFC2,,
00001B000000000309C700A65863FFC2,35.5982529,139.6108717,0.0,"1",00001B000000000309C7002658647FC2,00001B000000000309C701A658617FC2,,
00001B000000000309C710A6584F7FC2,35.5991460,139.6097380,0.0,"1",00001B000000000309C711A65850FFC2,00001B000000000309C70F26584DFFC2,,
00001B000000000309C70326585E7FC2,35.5984099,139.6105766,0.0,"1",00001B000000000309C701A658617FC2,00001B000000000309C70526585B7FC2,,
00001B000000000309C71CA6582AFFC2,35.5998127,139.6077018,0.0,"1",00001B000000000309C71C26582B7FC2,00001B000000000309C71D26582AFFC2,00001B000000000309C718A658237FC2,
00001B000000000309C70DA6584BFFC2,35.5989840,139.6095471,0.0,"1",00001B000000000309C70F26584DFFC2,00001B000000000309C70EA6584AFFC2,00001B000000000309C70CA6584DFFC2,
00001B000000000309C70EA65843FFC2,35.5990500,139.6090836,0.0,"1",00001B000000000309C70F265842FFC2,00001B000000000309C70F2658447FC2,,
00001B000000000309C7252658177FC2,35.6002800,139.6066388,0.0,"1",00001B000000000309C7202658187FC2,00001B000000000309C7252658147FC2,,
00001B000000000309C720265818FFC2,35.6002626,139.6066978,0.0,"1",00001B000000000309C72026581EFFC2,00001B000000000309C7202658187FC2,,
00001B000000000309C71526581BFFC2,35.5993896,139.6068703,0.0,"1",00001B000000000309C718A658237FC2,00001B000000000309C714A6581B7FC2,,
00001B000000000309C7202658257FC3,35.6000445,139.6074059,0.0,"1",00001B000000000309C71FA65827FFC2,00001B000000000309C72026581EFFC2,,
00001B000000000309C71426581AFFC2,35.5993547,139.6068166,0.0,"1",00001B000000000309C71426581A7FC2,00001B000000000309C714A6581B7FC2,,
00001B000000000309C71F26582F7FC2,35.5999575,139.6079663,0.0,"1",00001B000000000309C71FA6582E7FC2,00001B000000000309C71EA6582F7FC2,,
00001B000000000309C712A65816FFC2,35.5992686,139.6066034,0.0,"1",00001B000000000309C713265815FFC2,00001B000000000309C7132658177FC2,,
00001B000000000309C7202658257FC4,35.6001494,139.6074031,0.0,"1",00001B000000000309C72526581DFFC2,00001B000000000309C720265828FFC2,,
00001B000000000309C72A2658057FC2,35.6007069,139.6056257,0.0,"1",00001B000000000309C72A26580DFFC2,,,
00001B000000000309C713A658157FC2,35.5993253,139.6065014,0.0,"2",00001B000000000309C713265815FFC2,,,
00001B000000000309C725265815FFC2,35.6004147,139.6065430,0.0,"1",00001B000000000309C72A26580DFFC2,00001B000000000309C72526581DFFC2,,
00001B000000000309C71A2658387FC2,35.5996740,139.6084598,0.0,"1",00001B000000000309C719A658387FC2,00001B000000000309C71AA65837FFC2,,
00001B000000000309C71B2658377FC2,35.5997263,139.6083955,0.0,"1",00001B000000000309C71B2658367FC2,00001B000000000309C71AA65837FFC2,,
00001B000000000309C713A65843FFC2,35.5993250,139.6090875,0.0,"1",00001B000000000309C713A65842FFC2,00001B000000000309C7132658447FC2,,
00001B000000000309C70F2658497FC2,35.5990756,139.6094023,0.0,"1",00001B000000000309C7102658477FC2,00001B000000000309C70EA6584AFFC2,,
00001B000000000309C7132658457FC2,35.5992814,139.6091840,0.0,"1",00001B000000000309C7132658447FC2,00001B000000000309C7122658457FC2,,
00001B000000000309C70BA6584F7FC2,35.5988706,139.6097349,0.0,"1",00001B000000000309C70CA6584DFFC2,00001B000000000309C70AA658517FC2,,
00001B000000000309C7092658577FC2,35.5987229,139.6101779,0.0,"1",00001B000000000309C708265857FFC2,00001B000000000309C70BA6585AFFC2,00001B000000000309C709A658567FC2,
00001B000000000309C766A6583EFFC2,35.6039417,139.6088250,0.0,"1",00001B000000000309C76726583E7FC2,00001B000000000309C76626583F7FC2,00001B000000000309C7692658417FC2,
00001B000000000309C76726583DFFC2,35.6039615,139.6087639,0.0,"1",00001B000000000309C76726583E7FC2,00001B000000000309C768A6583BFFC2,,
00001B000000000309C769A65839FFC2,35.6041107,139.6085408,0.0,"1",00001B000000000309C76A2658397FC2,00001B000000000309C768A6583BFFC2,,
00001B000000000309C7052658557FC2,35.5985277,139.6100777,0.0,"1",00001B000000000309C705A658567FC2,00001B000000000309C706265854FFC2,,
00001B000000000309C707265857FFC2,35.5986269,139.6102208,0.0,"1",00001B000000000309C70526585B7FC2,00001B000000000309C708265857FFC2,00001B000000000309C706A658577FC2,
00001B000000000309C71E26585F7FC2,35.5999134,139.6106343,0.5,"2",00001B000000000309C71DA6585EFFC2,,,
00001B000000000309C6FB2658A9FFC2,35.5979588,139.6147619,0.0,"1",00001B000000000309C6FF2658A97FC2,00001B000000000309C6FAA658A9FFC2,,
00001B000000000309C6EF26588B7FC2,35.5972938,139.6130831,0.0,"1",00001B000000000309C6E926588B7FC2,00001B000000000309C6F026588BFFC2,,
00001B000000000309C76B265844FFC2,35.6041752,139.6091555,0.0,"1",00001B000000000309C76BA658457FC2,00001B000000000309C76B2658447FC2,,
00001B000000000309C6FA2658A9FFC2,35.5979021,139.6147673,0.0,"1",00001B000000000309C6FAA658A9FFC2,00001B000000000309C6F82658A9FFC2,,
00001B000000000309C6F126588BFFC2,35.5974116,139.6130938,0.0,"1",00001B000000000309C6F226588BFFC2,00001B000000000309C6F026588BFFC2,,
00001B000000000309C71B26585EFFC2,35.5997346,139.6106074,0.5,"1",00001B000000000309C71C26585E7FC2,00001B000000000309C718A65861FFC2,,
00001B000000000309C75CA6586B7FC2,35.6033857,139.6112798,0.0,"1",00001B000000000309C760A65865FFC2,00001B000000000309C75C26586BFFC2,,
00001B000000000309C7172658AB7FC2,35.5995054,139.6148493,0.0,"1",00001B000000000309C716A658AAFFC2,00001B000000000309C717A658AB7FC2,00001B000000000309C7142658C07FC2,
00001B000000000309C70DA658A87FC2,35.5989888,139.6146750,0.0,"1",00001B000000000309C70D2658A8FFC2,00001B000000000309C70E2658A8FFC2,00001B000000000309C70DA6589F7FC2,
00001B000000000309C6F3A658A9FFC2,35.5975465,139.6147694,0.0,"1",00001B000000000309C6F3A658AAFFC2,00001B000000000309C6F4A658A9FFC2,00001B000000000309C6F32658A9FFC2,
00001B000000000309C704A658827FC2,35.5984744,139.6125611,0.0,"1",00001B000000000309C704A65886FFC2,00001B000000000309C703A658827FC2,00001B000000000309C704A658817FC2,
00001B000000000309C6F2A658B47FC2,35.5974898,139.6153434,0.0,"1",00001B000000000309C6F2A658B97FC2,00001B000000000309C6F2A658B37FC2,,
00001B000000000309C7162658A8FFC2,35.5994705,139.6146991,0.0,"1",00001B000000000309C712A658A8FFC2,00001B000000000309C716A658A7FFC2,00001B000000000309C7162658A97FC2,
00001B000000000309C70F2658A8FFC2,35.5990580,139.6147190,0.0,"1",00001B000000000309C70E2658A8FFC2,00001B000000000309C712A658A8FFC2,,
00001B000000000309C72F265897FFC2,35.6009253,139.6137617,0.0,"1",00001B000000000309C72F265896FFC2,00001B000000000309C72F2658997FC2,,
00001B000000000309C6F2A658B2FFC2,35.5974855,139.6152522,0.0,"1",00001B000000000309C6F2A658B37FC2,00001B000000000309C6F2A658AFFFC2,,
00001B000000000309C6F62658A9FFC2,35.5976687,139.6147694,0.0,"1",00001B000000000309C6F82658A9FFC2,00001B000000000309C6F4A658A9FFC2,,
00001B000000000309C72A265895FFC2,35.6007814,139.6136652,0.0,"1",00001B000000000309C72A2658967FC2,00001B000000000309C72A265894FFC2,,
00001B000000000309C72F26588DFFC2,35.6008774,139.6132092,0.0,"2",00001B000000000309C72F26588E7FC2,,,
00001B000000000309C6F2A658A97FC2,35.5974724,139.6147425,0.0,"1",00001B000000000309C6F1A658A1FFC2,00001B000000000309C6F32658A9FFC2,,
00001B000000000309C706A65853FFC2,35.5985964,139.6099901,0.0,"1",00001B000000000309C706265854FFC2,00001B000000000309C706A65852FFC2,,
00001B000000000309C6F2A658ACFFC2,35.5974855,139.6149196,0.0,"1",00001B000000000309C6F32658AC7FC2,00001B000000000309C6F2A658AFFFC2,,
00001B000000000309C7142658677FC2,35.5993511,139.6110634,0.0,"2",00001B000000000309C71126586AFFC2,00001B000000000309C714A65866FFC2,,
00001B000000000309C725265862FFC4,35.6005066,139.6108113,0.0,"1",00001B000000000309C7252658637FC2,00001B000000000309C7252658617FC2,,
00001B000000000309C7102658727FC2,35.5991132,139.6116896,0.0,"1",00001B000000000309C70AA65877FFC2,00001B000000000309C710A65872FFC2,00001B000000000309C70FA65871FFC2,
00001B000000000309C7132658667FC2,35.5993032,139.6110258,2.0,"3",00001B000000000309C714265865FFC2,00001B000000000309C712A65865FFC2,,
00001B000000000309C70E26586EFFC2,35.5990196,139.6114818,0.0,"1",00001B000000000309C70EA6586F7FC2,00001B000000000309C71126586AFFC2,,
00001B000000000309C70A2658557FC2,35.5987850,139.6100777,0.0,"1",00001B000000000309C709A658547FC2,00001B000000000309C709A658567FC2,,
00001B000000000309C716A65864FFC2,35.5994733,139.6109346,1.0,"1",00001B000000000309C718A65861FFC2,00001B000000000309C7162658657FC2,,
00001B000000000309C711A65819FFC2,35.5992160,139.6067701,0.0,"1",00001B000000000309C712A65818FFC2,00001B000000000309C71226581A7FC2,,
00001B000000000309C6F0A6587EFFC2,35.5973817,139.6123669,0.0,"1",00001B000000000309C6F126587DFFC2,00001B000000000309C6F026587EFFC2,,
00001B000000000309C70EA6585E7FC2,35.5990413,139.6105749,0.0,"1",00001B000000000309C70BA6585AFFC2,00001B000000000309C70E26585F7FC2,,
00001B000000000309C713265817FFC2,35.5992988,139.6066628,0.0,"1",00001B000000000309C7132658177FC2,00001B000000000309C712A65818FFC2,00001B000000000309C713A65818FFC2,
00001B000000000309C71226585FFFC2,35.5992417,139.6106665,1.5,"1",00001B000000000309C710A65860FFC2,00001B000000000309C71226585F7FC2,,
00001B000000000309C7002658657FC2,35.5982311,139.6109521,0.0,"1",00001B000000000309C6FFA65865FFC2,00001B000000000309C7002658647FC2,,
00001B000000000309C70EA65860FFC2,35.5990369,139.6107143,2.0,"3",00001B000000000309C70E2658607FC2,00001B000000000309C70F2658617FC2,,
00001B000000000309C70DA6585FFFC2,35.5989890,139.6106553,0.0,"1",00001B000000000309C70E2658607FC2,00001B000000000309C70E26585F7FC2,,
00001B000000000309C712A6581AFFC2,35.5992640,139.6068130,0.0,"1",00001B000000000309C71326581BFFC2,00001B000000000309C71226581A7FC2,,
00001B000000000309C772A6583F7FC2,35.6045983,139.6088337,0.0,"1",00001B000000000309C773A658407FC2,00001B000000000309C77226583EFFC2,,
00001B000000000309C764A658607FC3,35.6038306,139.6106736,0.0,"1",00001B000000000309C76526585F7FC2,00001B000000000309C764A658607FC4,,
00001B000000000309C764265860FFC2,35.6037836,139.6107080,0.0,"1",00001B000000000309C764A658607FC4,00001B000000000309C760A65865FFC2,,
00001B000000000309C765A6585EFFC2,35.6038670,139.6105993,0.0,"1",00001B000000000309C765A6585E7FC2,00001B000000000309C76526585F7FC2,,
00001B000000000309C7752658417FC2,35.6047335,139.6089678,0.0,"1",00001B000000000309C774A658427FC2,00001B000000000309C773A658407FC2,,
00001B000000000309C712A6585EFFC2,35.5992504,139.6106021,1.5,"2",00001B000000000309C71226585F7FC2,,,
00001B000000000309C70FA65861FFC2,35.5990847,139.6107737,2.0,"3",00001B000000000309C710A658637FC2,00001B000000000309C70F2658617FC2,00001B000000000309C710A65860FFC2,
00001B000000000309C773A658437FC2,35.6046593,139.6090751,0.0,"2",00001B000000000309C774A658427FC2,,,
00001B000000000309C765A6585DFFC2,35.6038888,139.6105350,0.0,"1",00001B000000000309C765A6585E7FC2,00001B000000000309C76BA65855FFC2,,
00001B000000000309C771A6583EFFC2,35.6045328,139.6088229,0.0,"1",00001B000000000309C77226583EFFC2,00001B000000000309C76FA658417FC2,,
00001B000000000309C771A6584A7FC2,35.6045416,139.6094667,0.0,"1",00001B000000000309C771A6584B7FC2,00001B000000000309C76FA658487FC2,,
00001B000000000309C76D265843FFC2,35.6043017,139.6091019,0.0,"1",00001B000000000309C76FA658417FC2,00001B000000000309C76D265844FFC2,,
00001B000000000309C77126584DFFC2,35.6045169,139.6096391,0.0,"1",00001B000000000309C76BA65855FFC2,00001B000000000309C771A6584CFFC2,,
00001B000000000309C76DA65845FFC2,35.6043060,139.6092038,0.0,"1",00001B000000000309C76D265844FFC2,00001B000000000309C76FA658487FC2,00001B000000000309C76CA65845FFC2,
00001B000000000309C739265830FFC2,35.6014701,139.6080376,0.0,"1",00001B000000000309C73926582EFFC4,00001B000000000309C7392658317FC4,,
00001B000000000309C7392658317FC3,35.6015604,139.6080606,0.0,"1",00001B000000000309C739265831FFC4,00001B000000000309C7392658307FC2,,
00001B000000000309C76C265845FFC2,35.6042356,139.6092103,0.0,"1",00001B000000000309C76BA658457FC2,00001B000000000309C76CA65845FFC2,,
00001B000000000309C73926584AFFC2,35.6014044,139.6094917,0.0,"1",00001B000000000309C73926584B7FC2,00001B000000000309C73926584A7FC2,,
00001B000000000309C73E26584EFFC2,35.6017539,139.6097002,0.0,"1",00001B000000000309C73E26584E7FC2,00001B000000000309C73E26584F7FC2,,
00001B000000000309C76B2658437FC2,35.6041734,139.6090795,0.0,"1",00001B000000000309C7692658417FC2,00001B000000000309C76B2658447FC2,,
00001B000000000309C739265849FFC2,35.6014617,139.6094427,0.0,"1",00001B000000000309C73926584A7FC2,00001B000000000309C7392658497FC2,,
00001B000000000309C73426584A7FC5,35.6012866,139.6094702,0.0,"1",00001B000000000309C73426584BFFC4,00001B000000000309C73426584A7FC6,00001B000000000309C734265848FFC2,
00001B000000000309C73426584CFFC2,35.6013084,139.6095990,0.0,"1",00001B000000000309C73426584BFFC4,00001B000000000309C73426584C7FC4,00001B000000000309C73426584DFFC2,
00001B000000000309C756265897FFC2,35.6030241,139.6137619,0.0,"1",00001B000000000309C755A658997FC2,00001B000000000309C757265896FFC2,,
00001B000000000309C739265832FFC3,35.6015742,139.6081563,0.0,"1",00001B000000000309C7392658337FC4,00001B000000000309C739265836FFC2,00001B000000000309C739265831FFC4,
00001B000000000309C739265833FFC3,35.6014956,139.6082206,0.0,"1",00001B000000000309C7392658337FC4,00001B000000000309C739265838FFC2,00001B000000000309C739265833FFC4,
00001B000000000309C7582658957FC2,35.6031244,139.6136385,0.0,"1",00001B000000000309C757265896FFC2,00001B000000000309C759A658947FC2,,
00001B000000000309C75B265892FFC2,35.6032814,139.6134937,0.0,"1",00001B000000000309C759A658947FC2,00001B000000000309C75CA658917FC2,,
00001B000000000309C755265896FFC2,35.6029714,139.6137193,0.0,"1",00001B000000000309C756265895FFC2,00001B000000000309C753A6589B7FC2,,
00001B000000000309C75EA658907FC2,35.6034777,139.6133381,0.0,"1",00001B000000000309C75CA658917FC2,00001B000000000309C75E26588FFFC2,,
00001B000000000309C74D26589F7FC2,35.6027751,139.6141914,0.0,"1",00001B000000000309C753A6589B7FC2,00001B000000000309C74D2658A17FC2,,
00001B000000000309C75DA6588F7FC2,35.6034345,139.6132899,0.0,"1",00001B000000000309C75E26588FFFC2,00001B000000000309C75DA6588EFFC2,,
00001B000000000309C74D2658A37FC3,35.6027097,139.6143899,0.0,"1",00001B000000000309C74D2658A17FC2,00001B000000000309C74D2658A37FC4,,
00001B000000000309C74D2658A1FFC2,35.6025236,139.6143330,0.0,"1",00001B000000000309C74D2658A2FFC2,00001B000000000309C7482658A17FC2,,
00001B000000000309C743265895FFC2,35.6021611,139.6136502,0.0,"1",00001B000000000309C74826589AFFC2,00001B000000000309C743265894FFC2,,
00001B000000000309C743265893FFC2,35.6021000,139.6135375,0.0,"1",00001B000000000309C743265894FFC2,00001B000000000309C7432658927FC2,,
00001B000000000309C74D2658A3FFC4,35.6026632,139.6144188,0.0,"1",00001B000000000309C74D2658A37FC4,00001B000000000309C74D2658A2FFC2,00001B000000000309C74D2658A4FFC2,
00001B000000000309C74326588BFFC2,35.6021136,139.6130992,0.0,"1",00001B000000000309C74326588B7FC2,00001B000000000309C74326588CFFC2,,
00001B000000000309C74D2658ABFFC2,35.6025047,139.6148780,0.0,"1",00001B000000000309C74D2658AA7FC2,00001B000000000309C7482658AEFFC2,,
00001B000000000309C7482658B5FFC5,35.6023312,139.6154419,0.0,"1",00001B000000000309C7482658B77FC2,00001B000000000309C7482658B3FFC4,,
00001B000000000309C74D2658A87FC2,35.6026094,139.6146903,0.0,"1",00001B000000000309C74D2658A6FFC2,00001B000000000309C74D2658AA7FC2,,
00001B000000000309C7202658917FC2,35.6001944,139.6134103,0.0,"1",00001B000000000309C720265892FFC2,00001B000000000309C720265890FFC2,,
00001B000000000309C72026588F7FC3,35.6001159,139.6132816,0.0,"1",00001B000000000309C72026588B7FC2,00001B000000000309C72026588F7FC4,,
00001B000000000309C72026588FFFC2,35.6001944,139.6133191,0.0,"1",00001B000000000309C720265890FFC2,00001B000000000309C72026588F7FC4,,
00001B000000000309C720265896FFC3,35.6002235,139.6137086,0.0,"1",00001B000000000309C7202658967FC2,00001B000000000309C720265896FFC4,,
00001B000000000309C72526589BFFC2,35.6004518,139.6139843,0.0,"1",00001B000000000309C7252658997FC2,00001B000000000309C72526589CFFC5,,
00001B000000000309C720265895FFC2,35.6002104,139.6136496,0.0,"1",00001B000000000309C720265894FFC2,00001B000000000309C7202658967FC2,,
00001B000000000309C72A2658A7FFC2,35.6007746,139.6146656,0.0,"1",00001B000000000309C72A2658A67FC2,00001B000000000309C72A2658A8FFC2,00001B000000000309C72A2658A87FC6,
00001B000000000309C71F26587B7FC2,35.5999705,139.6121797,0.0,"1",00001B000000000309C71EA6587FFFC2,00001B000000000309C7202658787FC2,,
00001B000000000309C72A2658A97FC2,35.6008211,139.6147493,0.0,"1",00001B000000000309C72F2658ADFFC2,00001B000000000309C72A2658A8FFC2,,
00001B000000000309C72A2658A87FC4,35.6006038,139.6146771,0.0,"1",00001B000000000309C72A2658A87FC5,00001B000000000309C72A2658A87FC6,,
00001B000000000309C7252658A8FFC3,35.6005201,139.6147010,0.0,"1",00001B000000000309C7252658A8FFC4,00001B000000000309C7252658A97FC2,00001B000000000309C72A2658A87FC5,
00001B000000000309C720265875FFC2,35.6000359,139.6118632,0.0,"1",00001B000000000309C7202658787FC2,00001B000000000309C720265872FFC2,,
00001B000000000309C72526589D7FC3,35.6004998,139.6140809,0.0,"1",00001B000000000309C72526589CFFC5,00001B000000000309C72526589D7FC4,00001B000000000309C72A2658A0FFC2,
00001B000000000309C72526589CFFC4,35.6003325,139.6140304,0.0,"2",00001B000000000309C72526589D7FC4,,,
00001B000000000309C7192658A8FFC2,35.5996134,139.6147180,0.0,"1",00001B000000000309C718A658A9FFC2,00001B000000000309C718A658A87FC2,00001B000000000309C71CA658A8FFC2,
00001B000000000309C71BA658907FC2,35.5997758,139.6133419,0.0,"1",00001B000000000309C71A26589BFFC2,00001B000000000309C71C26588E7FC2,,
00001B000000000309C71D265888FFC2,35.5998394,139.6129315,0.0,"1",00001B000000000309C71CA658887FC2,00001B000000000309C71DA658887FC2,00001B000000000309C71CA6588AFFC2,
00001B000000000309C71CA6588C7FC2,35.5998107,139.6131273,0.0,"1",00001B000000000309C71C26588E7FC2,00001B000000000309C71CA6588AFFC2,,
00001B000000000309C718A658B17FC2,35.5996013,139.6151872,0.0,"2",00001B000000000309C7182658B17FC2,,,
00001B000000000309C70DA658967FC2,35.5989723,139.6136702,0.0,"1",00001B000000000309C70D265894FFC2,00001B000000000309C70DA6589F7FC2,,
00001B000000000309C70EA658937FC2,35.5990473,139.6135015,0.0,"1",00001B000000000309C712265892FFC2,00001B000000000309C70E2658937FC2,,
00001B000000000309C70D2658937FC2,35.5989688,139.6135230,0.0,"1",00001B000000000309C709A65893FFC2,00001B000000000309C70E2658937FC2,00001B000000000309C70D265894FFC2,
00001B000000000309C702A658947FC2,35.5983716,139.6135560,0.0,"1",00001B000000000309C7032658937FC2,00001B000000000309C703265894FFC2,00001B000000000309C6FAA658947FC2,
00001B000000000309C6F12658967FC2,35.5974120,139.6136686,0.0,"1",00001B000000000309C6F12658987FC2,00001B000000000309C6F22658957FC2,00001B000000000309C6F0A658967FC2,
00001B000000000309C6F6A658EF7FC2,35.5977130,139.6186200,0.0,"2",00001B000000000309C6F52658EF7FC2,,,
00001B000000000309C6F026589AFFC2,35.5973335,139.6139368,0.0,"1",00001B000000000309C6F0265898FFC2,00001B000000000309C6F0A658A2FFC2,,
00001B000000000309C6F0A658ABFFC2,35.5973722,139.6148694,0.0,"1",00001B000000000309C6F12658AB7FC2,00001B000000000309C6F0A658AC7FC2,,
00001B000000000309C6F02658967FC2,35.5973335,139.6136901,0.0,"1",00001B000000000309C6F0A658967FC2,00001B000000000309C6F0265898FFC2,,
00001B000000000309C6F0A658ACFFC2,35.5973809,139.6149284,0.0,"1",00001B000000000309C6F0A658AC7FC2,00001B000000000309C6F12658AD7FC2,,
00001B000000000309C6F12658AAFFC2,35.5974164,139.6148273,0.0,"1",00001B000000000309C6F0A658A2FFC2,00001B000000000309C6F12658AB7FC2,,
00001B000000000309C6F12658BF7FC2,35.5973946,139.6159699,0.0,"1",00001B000000000309C6F12658BEFFC2,00001B000000000309C6F12658C07FC2,,
00001B000000000309C6F1A658ADFFC2,35.5974295,139.6149990,0.0,"1",00001B000000000309C6F12658AD7FC2,00001B000000000309C6F1A658B67FC2,,
00001B000000000309C6F12658C0FFC2,35.5973989,139.6160397,0.0,"1",00001B000000000309C6F12658C07FC2,00001B000000000309C6F1A658C17FC2,,
00001B000000000309C6F22658C1FFC2,35.5974469,139.6161094,0.0,"1",00001B000000000309C6F1A658C17FC2,00001B000000000309C6F22658CA7FC2,,
00001B000000000309C6F2A658D17FC4,35.5974818,139.6170536,0.0,"1",00001B000000000309C6F22658CA7FC2,00001B000000000309C6F22658D17FC6,,
00001B000000000309C6EEA658D17FC2,35.5972768,139.6171394,0.0,"1",00001B000000000309C6F0A658D17FC2,00001B000000000309C6EF2658D67FC4,,
00001B000000000309C734265875FFC3,35.6011385,139.6118824,0.0,"1",00001B000000000309C7342658767FC4,00001B000000000309C72F2658757FC2,,
00001B000000000309C72026586F7FC2,35.6000970,139.6115038,0.0,"1",00001B000000000309C72026586FFFC4,00001B000000000309C7202658707FC5,,
00001B000000000309C7252658717FC4,35.6004406,139.6116196,0.0,"1",00001B000000000309C7202658707FC5,00001B000000000309C7252658717FC6,,
00001B000000000309C72A265872FFC4,35.6006674,139.6117108,0.0,"1",00001B000000000309C72A2658727FC2,00001B000000000309C72A265872FFC6,,
00001B000000000309C72A265872FFC5,35.6007154,139.6117108,0.0,"1",00001B000000000309C72A265872FFC6,00001B000000000309C72A2658737FC2,,
00001B000000000309C72F265873FFC2,35.6008593,139.6117751,0.0,"1",00001B000000000309C72A2658737FC2,00001B000000000309C72F2658747FC6,,
00001B000000000309C72F265874FFC2,35.6009335,139.6118073,0.0,"1",00001B000000000309C72F2658757FC2,00001B000000000309C72F2658747FC6,,
00001B000000000309C72026586FFFC3,35.6000050,139.6115516,0.0,"1",00001B000000000309C72026586EFFC2,00001B000000000309C71EA65878FFC2,00001B000000000309C7202658707FC6,
00001B000000000309C7202658707FC4,35.6000621,139.6115735,0.0,"1",00001B000000000309C720265872FFC2,00001B000000000309C72026586FFFC4,00001B000000000309C7202658707FC6,
00001B000000000309C71E2658877FC2,35.5999066,139.6128470,0.0,"1",00001B000000000309C72026588B7FC2,00001B000000000309C71DA658887FC2,00001B000000000309C71E265885FFC2,
00001B000000000309C71E265883FFC2,35.5998910,139.6126549,0.0,"1",00001B000000000309C71E265885FFC2,00001B000000000309C71EA6587FFFC2,00001B000000000309C71DA65882FFC2,
00001B000000000309C71D265881FFC2,35.5998605,139.6125422,0.0,"1",00001B000000000309C71CA65881FFC2,00001B000000000309C71EA65878FFC2,00001B000000000309C71DA65882FFC2,
00001B000000000309C72026586DFFC3,35.6000181,139.6114336,0.0,"1",00001B000000000309C71FA6586E7FC2,00001B000000000309C72026586EFFC2,00001B000000000309C72026586DFFC4,
00001B000000000309C74D26587E7FC3,35.6027412,139.6123413,0.0,"1",00001B000000000309C74D26587EFFC4,00001B000000000309C74D26587DFFC2,,
00001B000000000309C74D26587D7FC3,35.6026975,139.6123037,0.0,"1",00001B000000000309C74D26587DFFC2,00001B000000000309C74D26587E7FC4,,
00001B000000000309C74D26587F7FC2,35.6027579,139.6124118,0.0,"1",00001B000000000309C75226587F7FC2,00001B000000000309C74D26587EFFC4,00001B000000000309C74D265883FFC2,
00001B000000000309C7482658887FC3,35.6024446,139.6129099,0.0,"1",00001B000000000309C74D265883FFC2,00001B000000000309C7482658897FC4,,
00001B000000000309C748265889FFC3,35.6023966,139.6129796,0.0,"1",00001B000000000309C7482658897FC4,00001B000000000309C74326588C7FC2,,
00001B000000000309C74326588F7FC4,35.6020346,139.6132961,0.0,"1",00001B000000000309C74326588C7FC2,00001B000000000309C74326588FFFC4,,
00001B000000000309C7432658907FC3,35.6020040,139.6133605,0.0,"1",00001B000000000309C7432658927FC2,00001B000000000309C74326588FFFC3,00001B000000000309C74326588FFFC4,00001B000000000309C7432658907FC4
00001B000000000309C73E2658907FC2,35.6019299,139.6133552,0.0,"1",00001B000000000309C7432658907FC4,00001B000000000309C73E265892FFC2,,
00001B000000000309C739265894FFC2,35.6015591,139.6136073,0.0,"1",00001B000000000309C73E265892FFC2,00001B000000000309C7392658967FC2,,
00001B000000000309C739265897FFC2,35.6014719,139.6137521,0.0,"1",00001B000000000309C7392658967FC2,00001B000000000309C739265898FFC2,,
00001B000000000309C73926589A7FC2,35.6014152,139.6138916,0.0,"1",00001B000000000309C739265898FFC2,00001B000000000309C73926589AFFC2,,
00001B000000000309C73426589BFFC3,35.6013672,139.6139882,0.0,"1",00001B000000000309C73926589AFFC2,00001B000000000309C73426589BFFC4,,
00001B000000000309C705A658A97FC2,35.5985442,139.6147390,0.0,"1",00001B000000000309C7052658A8FFC2,00001B000000000309C7092658A97FC2,00001B000000000309C705A658AA7FC2,
00001B000000000309C705A658AAFFC2,35.5985383,139.6148321,0.0,"1",00001B000000000309C7092658AAFFC2,00001B000000000309C704A658AB7FC2,00001B000000000309C705A658AA7FC2,
00001B000000000309C7052658A7FFC2,35.5985049,139.6146532,0.0,"1",00001B000000000309C704A658A7FFC2,00001B000000000309C704A6589EFFC2,00001B000000000309C7052658A8FFC2,
00001B000000000309C703A658A7FFC2,35.5984439,139.6146532,0.0,"1",00001B000000000309C704A658A7FFC2,00001B000000000309C703A6589E7FC2,00001B000000000309C703A658A87FC2,
00001B000000000309C703A658A97FC2,35.5984299,139.6147297,0.0,"1",00001B000000000309C703A658AA7FC2,00001B000000000309C703A658A87FC2,00001B000000000309C6FF2658A97FC2,
00001B000000000309C703A658AB7FC2,35.5984395,139.6148356,0.0,"1",00001B000000000309C703A658AA7FC2,00001B000000000309C7032658AB7FC2,00001B000000000309C704A658AB7FC2,
00001B000000000309C703A6587DFFC2,35.5984264,139.6123089,0.0,"1",00001B000000000309C70426587D7FC2,00001B000000000309C703A6587CFFC2,00001B000000000309C702A6587E7FC2,
00001B000000000309C70226587EFFC2,35.5983416,139.6123810,0.0,"1",00001B000000000309C7022658807FC2,00001B000000000309C7002658807FC2,00001B000000000309C702A6587E7FC2,
00001B000000000309C702265881FFC2,35.5983460,139.6125366,0.0,"1",00001B000000000309C7022658807FC2,00001B000000000309C700A65882FFC2,00001B000000000309C702A65881FFC2,
00001B000000000309C72A2658A47FC2,35.6006873,139.6144617,0.0,"1",00001B000000000309C72A2658A67FC2,00001B000000000309C72A2658A0FFC2,,
00001B000000000309C71DA6582F7FC2,35.5998877,139.6079717,0.0,"1",00001B000000000309C71D26582EFFC2,00001B000000000309C71C2658327FC2,00001B000000000309C71EA6582F7FC2,
00001B000000000309C71C26582DFFC2,35.5998017,139.6078849,0.0,"1",00001B000000000309C71D26582EFFC2,00001B000000000309C71C26582CFFC2,00001B000000000309C71B26582FFFC2,
00001B000000000309C7132658427FC2,35.5992945,139.6090070,0.0,"1",00001B000000000309C7122658427FC2,00001B000000000309C71626583D7FC2,00001B000000000309C713A65842FFC2,
00001B000000000309C7112658427FC2,35.5991834,139.6090121,0.0,"1",00001B000000000309C7122658427FC2,00001B000000000309C71426583C7FC2,00001B000000000309C710A658427FC2,
00001B000000000309C711A658457FC2,35.5991977,139.6091823,0.0,"1",00001B000000000309C710A65844FFC2,00001B000000000309C7122658457FC2,00001B000000000309C7102658477FC2,
00001B000000000309C70FA65844FFC2,35.5990893,139.6091479,0.0,"1",00001B000000000309C710A65844FFC2,00001B000000000309C70E2658477FC2,00001B000000000309C70F2658447FC2,
00001B000000000309C709A658537FC2,35.5987589,139.6099597,0.0,"1",00001B000000000309C7092658527FC2,00001B000000000309C70AA658517FC2,00001B000000000309C709A658547FC2,
00001B000000000309C708265851FFC2,35.5986880,139.6098721,0.0,"1",00001B000000000309C7092658527FC2,00001B000000000309C707A65851FFC2,00001B000000000309C70AA6584DFFC2,
00001B000000000309C705A65856FFC2,35.5985408,139.6101636,0.0,"1",00001B000000000309C6FFA65861FFC2,00001B000000000309C706A658577FC2,00001B000000000309C705A658567FC2,
00001B000000000309C6F926586C7FC2,35.5978580,139.6113380,0.0,"1",00001B000000000309C6FFA65861FFC2,00001B000000000309C6F8A6586C7FC2,,
00001B000000000309C6F826586CFFC2,35.5978013,139.6113809,0.0,"1",00001B000000000309C6F8A6586C7FC2,00001B000000000309C6F826586DFFC2,,
00001B000000000309C6F7A6586E7FC2,35.5977730,139.6114692,0.0,"1",00001B000000000309C6F7A6586EFFC2,00001B000000000309C6F826586DFFC2,,
00001B000000000309C6F7A6586FFFC2,35.5977686,139.6115282,0.0,"1",00001B000000000309C6F7A6586EFFC2,00001B000000000309C6F5A658737FC2,,
00001B000000000309C6F32658777FC2,35.5975243,139.6119681,0.0,"1",00001B000000000309C6F5A658737FC2,00001B000000000309C6F2265878FFC2,,
00001B000000000309C6F0265879FFC2,35.5973433,139.6120998,0.0,"1",00001B000000000309C6F0A6587A7FC2,00001B000000000309C6EFA6587AFFC2,,
00001B000000000309C71C265881FFC2,35.5998048,139.6125284,0.0,"1",00001B000000000309C71BA6587FFFC2,00001B000000000309C71C265882FFC2,00001B000000000309C71CA65881FFC2,
00001B000000000309C712A658D17FC3,35.5992610,139.6171869,0.0,"1",00001B000000000309C7132658D17FC4,00001B000000000309C712A658D17FC4,00001B000000000309C711A658D17FC2,
00001B000000000309C7112658D17FC3,35.5991808,139.6171555,0.0,"1",00001B000000000309C7142658C07FC2,00001B000000000309C7112658D17FC4,00001B000000000309C711A658D17FC2,
00001B000000000309C7122658D67FC2,35.5992475,139.6172966,0.0,"1",00001B000000000309C711A658DB7FC2,00001B000000000309C7132658D67FC2,00001B000000000309C711A658D67FC2,
00001B000000000309C7112658D67FC2,35.5991778,139.6172859,0.0,"1",00001B000000000309C710A658D67FC2,00001B000000000309C7112658D17FC4,00001B000000000309C711A658D67FC2,
00001B000000000309C6F32658BE7FC2,35.5975028,139.6159072,0.0,"1",00001B000000000309C6F2A658B97FC2,00001B000000000309C6F22658BE7FC2,00001B000000000309C6F32658BF7FC2,
00001B000000000309C6F1A658BE7FC2,35.5974338,139.6159056,0.0,"1",00001B000000000309C6F1A658B67FC2,00001B000000000309C6F12658BEFFC2,00001B000000000309C6F22658BE7FC2,
00001B000000000309C6F32658BFFFC2,35.5975028,139.6159823,0.0,"1",00001B000000000309C6F32658BF7FC2,00001B000000000309C6F32658C8FFC2,,
00001B000000000309C7252658707FC2,35.6005177,139.6115770,0.0,"1",00001B000000000309C7252658717FC5,00001B000000000309C72A265870FFC4,00001B000000000309C72526586FFFC2,
00001B000000000309C725265871FFC2,35.6005060,139.6116464,0.0,"1",00001B000000000309C7252658717FC5,00001B000000000309C7252658717FC6,00001B000000000309C72A2658727FC2,
00001B000000000309C6EFA6587C7FC2,35.5973106,139.6122470,0.0,"1",00001B000000000309C6EFA6587DFFC2,00001B000000000309C6EFA6587BFFC2,00001B000000000309C6EEA6587D7FC2,
00001B000000000309C6EFA6587F7FC2,35.5973119,139.6124044,0.0,"1",00001B000000000309C6EFA6587DFFC2,00001B000000000309C6F026587EFFC2,00001B000000000309C6EFA6587FFFC2,
00001B000000000309C6F126587A7FC2,35.5973891,139.6121344,0.0,"1",00001B000000000309C6F126587BFFC2,00001B000000000309C6F2265878FFC2,00001B000000000309C6F0A6587A7FC2,
00001B000000000309C6F126587CFFC2,35.5974166,139.6122757,0.0,"1",00001B000000000309C6F126587BFFC2,00001B000000000309C6F126587DFFC2,00001B000000000309C6F326587A7FC2,
00001B000000000309C71AA6587DFFC2,35.5997108,139.6123173,0.0,"1",00001B000000000309C719A6587B7FC2,00001B000000000309C71BA6587FFFC2,,
00001B000000000309C73426584E7FC4,35.6011230,139.6096912,0.0,"1",00001B000000000309C73426584F7FC4,00001B000000000309C72A2658557FC2,00001B000000000309C73426584D7FC2,
00001B000000000309C75EA658B8FFC2,35.6034767,139.6155920,0.0,"1",00001B000000000309C75E2658B97FC3,00001B000000000309C75E2658B87FC2,00001B000000000309C75E2658B97FC4,
00001B000000000309C75DA658B9FFC2,35.6034331,139.6156618,0.0,"1",00001B000000000309C75E2658B97FC3,00001B000000000309C75D2658BAFFC2,00001B000000000309C75E2658B97FC4,
00001B000000000309C75AA658B8FFC2,35.6032717,139.6156081,0.0,"1",00001B000000000309C75B2658B87FC3,00001B000000000309C75B2658B87FC4,00001B000000000309C758A658BEFFC2,
00001B000000000309C713A65819FFC2,35.5993318,139.6067658,0.0,"1",00001B000000000309C71426581A7FC2,00001B000000000309C713A65818FFC2,,
